"","GeneName","GeneID","DpleGene","MsexGene"
"10","CSY5","PIERAPG00000000015",NA,"Msex2.11901"
"17","AAEL001134","PIERAPG00000000026","DPOGS206635","Msex2.00514"
"21","CASC1","PIERAPG00000000034",NA,"Msex2.07670"
"23","clpB","PIERAPG00000000037","DPOGS208439","Msex2.04432"
"48","Sec31bSntn","PIERAPG00000000065","DPOGS213870","Msex2.11631"
"59","snrpd3","PIERAPG00000000080","DPOGS206813","Msex2.09898"
"69","Pdia6","PIERAPG00000000092","DPOGS201415","Msex2.10316,Msex2.13798"
"75","tdcB","PIERAPG00000000099",NA,"Msex2.08117"
"76","Dbt","PIERAPG00000000101","DPOGS215598","Msex2.04403"
"77","ergic3SYAC","PIERAPG00000000103","DPOGS214171","Msex2.03148"
"78","CG18335ELP3","PIERAPG00000000104","DPOGS208811",NA
"80","Ppp2r4","PIERAPG00000000107",NA,"Msex2.08190"
"85","Obp19d","PIERAPG00000000117","DPOGS205439","Msex2.03519"
"90","CCDC63","PIERAPG00000000126","DPOGS201692","Msex2.11680"
"93","Gpl","PIERAPG00000000129","DPOGS213109",NA
"96","HCFC1","PIERAPG00000000132","DPOGS204414","Msex2.06844"
"99","Tstd3","PIERAPG00000000136","DPOGS208936","Msex2.08652"
"106","Ald","PIERAPG00000000146","DPOGS206959",NA
"114","Glod4","PIERAPG00000000166","DPOGS212133","Msex2.06191"
"118","SelD","PIERAPG00000000172","DPOGS214352","Msex2.07628"
"124","Capsl","PIERAPG00000000181","DPOGS210124",NA
"149","Syncrip","PIERAPG00000000224","DPOGS210730","Msex2.02465"
"155","Ak7","PIERAPG00000000231","DPOGS215594","Msex2.04407"
"159","Lrrc34","PIERAPG00000000240","DPOGS214433","Msex2.07744"
"161","Scsalpha","PIERAPG00000000243","DPOGS208185","Msex2.03776"
"167","ESD","PIERAPG00000000257","DPOGS204422","Msex2.06854"
"168","Mns1","PIERAPG00000000259","DPOGS201263","Msex2.05183"
"176","dlst","PIERAPG00000000270",NA,"Msex2.12332"
"178","FAM183A","PIERAPG00000000272","DPOGS204553","Msex2.09390"
"189","COX6B1","PIERAPG00000000287","DPOGS212377",NA
"199","sacA","PIERAPG00000000306","DPOGS200280","Msex2.13169"
"203","P27K","PIERAPG00000000310","DPOGS210032",NA
"216","PRPF19","PIERAPG00000000334","DPOGS205952","Msex2.11330"
"220","hykk","PIERAPG00000000340","DPOGS209314","Msex2.06255"
"228","ME1","PIERAPG00000000351","DPOGS208229","Msex2.00817"
"229","gatA","PIERAPG00000000352","DPOGS212217",NA
"230","TNT","PIERAPG00000000354","DPOGS204739","Msex2.03994"
"233","ESTJ","PIERAPG00000000359","DPOGS201957","Msex2.07667"
"237","ben","PIERAPG00000000365","DPOGS201405","Msex2.07681"
"238","TGas113e22.1","PIERAPG00000000366","DPOGS200276,DPOGS207203,DPOGS212471,DPOGS212517","Msex2.10198,Msex2.13334,Msex2.03535"
"240","MCT1A","PIERAPG00000000369","DPOGS201311",NA
"250","tctex1d1-aTCTEX1D1","PIERAPG00000000386","DPOGS214674","Msex2.08753"
"253","LUC7L2","PIERAPG00000000391","DPOGS204344","Msex2.02706"
"261","Osbp","PIERAPG00000000403","DPOGS201779","Msex2.11361"
"266","RpL34","PIERAPG00000000411","DPOGS213218","Msex2.12320"
"274","AKR1B1","PIERAPG00000000426","DPOGS214986","Msex2.12503"
"276","yl","PIERAPG00000000428","DPOGS210708","Msex2.02440"
"285","rgn","PIERAPG00000000444","DPOGS204680","Msex2.09301"
"300","MAGT1","PIERAPG00000000463","DPOGS202680","Msex2.03974"
"306","RGN","PIERAPG00000000474","DPOGS209948","Msex2.07329,Msex2.07330"
"307","pdhb-1","PIERAPG00000000478","DPOGS211492","Msex2.09233"
"316","CATL","PIERAPG00000000493","DPOGS209955","Msex2.10739"
"318","Tssk2Tssk4","PIERAPG00000000495","DPOGS211775","Msex2.05863"
"322","PyK","PIERAPG00000000504","DPOGS208876","Msex2.00630"
"326","Hibadh","PIERAPG00000000509","DPOGS210828","Msex2.06439"
"333","Ddx1_2","PIERAPG00000000520","DPOGS207042","Msex2.03627"
"335","psmB5","PIERAPG00000000524","DPOGS213495,DPOGS213465,DPOGS213494","Msex2.14626"
"344","TRYP1","PIERAPG00000000540",NA,"Msex2.12489"
"377","ATPsyn-d","PIERAPG00000000590","DPOGS210372","Msex2.10302"
"389","SRP72","PIERAPG00000000603","DPOGS209929","Msex2.11101"
"392","Wbp2WBP2NL","PIERAPG00000000610","DPOGS207263","Msex2.06133"
"399","MEGF11","PIERAPG00000000619","DPOGS208973","Msex2.00680"
"406","glmU","PIERAPG00000000631",NA,"Msex2.06521"
"422","Spef2","PIERAPG00000000657","DPOGS204704",NA
"423","Nphs1","PIERAPG00000000660","DPOGS214568",NA
"444","shc1","PIERAPG00000000690","DPOGS201490","Msex2.03927"
"449","IQCG","PIERAPG00000000697","DPOGS214590","Msex2.09911"
"451","efg1","PIERAPG00000000700","DPOGS204063",NA
"465","p38b","PIERAPG00000000723","DPOGS215664","Msex2.09629"
"467","coaW","PIERAPG00000000726","DPOGS214431","Msex2.08148"
"469","Klhl29","PIERAPG00000000729","DPOGS208385","Msex2.01405"
"480","nas-17nas-13","PIERAPG00000000742","DPOGS200518","Msex2.08594"
"483","VTA1","PIERAPG00000000746","DPOGS207586","Msex2.08083"
"499","RpL40","PIERAPG00000000775","DPOGS208502","Msex2.06722"
"504","Ndufb11","PIERAPG00000000784","DPOGS206077","Msex2.09188"
"507","sec31a","PIERAPG00000000788","DPOGS215248","Msex2.07421"
"509","ARMC3","PIERAPG00000000791","DPOGS215705","Msex2.00940"
"518","SLC22A8","PIERAPG00000000803","DPOGS204774","Msex2.03980"
"523","CFAP57","PIERAPG00000000810","DPOGS203796","Msex2.00198"
"531","COX5B","PIERAPG00000000827","DPOGS216154","Msex2.13872"
"541","Actn","PIERAPG00000000842","DPOGS206602","Msex2.01211"
"559","ME1_2","PIERAPG00000000872","DPOGS211597","Msex2.05836"
"562","TRF_2","PIERAPG00000000877","DPOGS214999","Msex2.12754"
"564","FAM154B","PIERAPG00000000879","DPOGS208155",NA
"567","MME","PIERAPG00000000883","DPOGS209689","Msex2.01424"
"569","lap1","PIERAPG00000000888",NA,"Msex2.01704"
"574","PCMP-E17","PIERAPG00000000895",NA,"Msex2.12545"
"580","miaB","PIERAPG00000000905","DPOGS206121",NA
"589","G101050","PIERAPG00000000917","DPOGS200373","Msex2.01112"
"614","HNRNP","PIERAPG00000000958","DPOGS210987","Msex2.07253"
"625","eIF-4a","PIERAPG00000000972","DPOGS211201","Msex2.10362"
"626","GLSN","PIERAPG00000000973",NA,"Msex2.14418"
"634","Lphn3","PIERAPG00000000990","DPOGS200101","Msex2.03704"
"645","pdcd6ip","PIERAPG00000001007","DPOGS210539","Msex2.04258"
"650","COX4I1","PIERAPG00000001014","DPOGS201117","Msex2.06956"
"655","Maats1","PIERAPG00000001021","DPOGS201597",NA
"657","GSPATT00029660001","PIERAPG00000001024","DPOGS210950",NA
"665","Rop","PIERAPG00000001039","DPOGS213076","Msex2.13819,Msex2.13634"
"676","Tctex1d2","PIERAPG00000001063","DPOGS213056",NA
"684","RPL6","PIERAPG00000001076","DPOGS207114","Msex2.01592"
"686","BPNT1","PIERAPG00000001079","DPOGS202266","Msex2.12586"
"689","ATP7A","PIERAPG00000001082","DPOGS214430","Msex2.08142"
"690","PSMD6","PIERAPG00000001083","DPOGS215809","Msex2.06525"
"693","Rpia","PIERAPG00000001092","DPOGS216003","Msex2.12631,Msex2.13726"
"714","MRC1Ctdspl2","PIERAPG00000001122","DPOGS212076","Msex2.09612"
"719","Ggt1","PIERAPG00000001129","DPOGS207739","Msex2.02261"
"736","B52","PIERAPG00000001156",NA,"Msex2.06089"
"750","RIIAD1","PIERAPG00000001176","DPOGS203973","Msex2.09124"
"751","l(2)efl","PIERAPG00000001177",NA,"Msex2.00968"
"753","CSK2A","PIERAPG00000001181","DPOGS203677","Msex2.00235"
"754","folD","PIERAPG00000001183","DPOGS201693","Msex2.11679,Msex2.14449"
"756","VA5","PIERAPG00000001186","DPOGS203307","Msex2.05997"
"768","SLC9A3R1","PIERAPG00000001207","DPOGS200076","Msex2.03679"
"785","Spata17","PIERAPG00000001230","DPOGS206617","Msex2.05191"
"789","COX6C","PIERAPG00000001234","DPOGS216156",NA
"799","ras","PIERAPG00000001248","DPOGS200734","Msex2.10613"
"804","MOGS","PIERAPG00000001258","DPOGS201579","Msex2.08433"
"808","VDP","PIERAPG00000001264","DPOGS212658","Msex2.04726"
"821","odf3","PIERAPG00000001279","DPOGS209305","Msex2.13050"
"830","Trx-2_2","PIERAPG00000001291","DPOGS201640","Msex2.01775"
"832","CBS","PIERAPG00000001293",NA,"Msex2.05290"
"835","Tuba1cTuba1a","PIERAPG00000001297","DPOGS203334,DPOGS214479","Msex2.02828,Msex2.04846"
"849","COPS7B","PIERAPG00000001316","DPOGS206340","Msex2.00091"
"859","Prosalpha2","PIERAPG00000001335","DPOGS200660","Msex2.10454"
"860","RPL26","PIERAPG00000001336","DPOGS214523","Msex2.00352"
"864","RGN_2","PIERAPG00000001342","DPOGS209986","Msex2.07331"
"882","G108738","PIERAPG00000001365","DPOGS211019","Msex2.00605"
"884","Tret1_6","PIERAPG00000001368","DPOGS212400","Msex2.10874"
"887","Gfer","PIERAPG00000001371","DPOGS212375","Msex2.12340"
"890","G106280","PIERAPG00000001375","DPOGS214320","Msex2.07616"
"900","Trxr-1","PIERAPG00000001388","DPOGS212419","Msex2.04501"
"906","BPHL","PIERAPG00000001400","DPOGS210733","Msex2.02462"
"918","FAM20C","PIERAPG00000001418","DPOGS205913","Msex2.05324"
"924","Zasp52PDLIM3","PIERAPG00000001425","DPOGS202447","Msex2.06119"
"937","CUL4A","PIERAPG00000001443","DPOGS215697","Msex2.00920"
"941","G102276","PIERAPG00000001448",NA,"Msex2.11473"
"945","IDH1","PIERAPG00000001456","DPOGS212995","Msex2.05489"
"951","CG3362","PIERAPG00000001463","DPOGS200718","Msex2.07118"
"957","ETFA","PIERAPG00000001470","DPOGS215648,DPOGS215649","Msex2.05455"
"968","NEK1","PIERAPG00000001483","DPOGS215148","Msex2.12601"
"991","akr2e_3","PIERAPG00000001523","DPOGS211662","Msex2.05952"
"993","AF","PIERAPG00000001525","DPOGS211893","Msex2.04541"
"1019","CG1354","PIERAPG00000001561",NA,"Msex2.05496"
"1031","CCT6A","PIERAPG00000001580","DPOGS201820","Msex2.11364"
"1039","Prosbeta6","PIERAPG00000001593","DPOGS209903","Msex2.10697"
"1040","COPA","PIERAPG00000001594","DPOGS204923",NA
"1041","COPZ1","PIERAPG00000001596","DPOGS205578","Msex2.02541"
"1046","ccdc135","PIERAPG00000001602","DPOGS202689","Msex2.07892"
"1051","CHCHD3","PIERAPG00000001610","DPOGS202211","Msex2.07688"
"1054","ncl-1AIFM1","PIERAPG00000001614","DPOGS211545","Msex2.04176"
"1067","ispESu(var)205","PIERAPG00000001631","DPOGS206474","Msex2.08996"
"1068","HADHB_2","PIERAPG00000001632","DPOGS216161","Msex2.07225"
"1077","DARS","PIERAPG00000001644","DPOGS212525","Msex2.09621"
"1082","VATC","PIERAPG00000001653","DPOGS215153","Msex2.10274"
"1088","Rpn13adrm1b","PIERAPG00000001660","DPOGS215611","Msex2.06995"
"1096","G107070","PIERAPG00000001672","DPOGS209449","Msex2.11389"
"1102","At5g14430metG","PIERAPG00000001681","DPOGS211341","Msex2.00440"
"1105","RpL31","PIERAPG00000001685","DPOGS207485","Msex2.13132"
"1109","GOT2","PIERAPG00000001690","DPOGS201323","Msex2.05418"
"1118","Atp5s","PIERAPG00000001701","DPOGS209160","Msex2.04478"
"1126","NRD1","PIERAPG00000001711","DPOGS207023","Msex2.01548"
"1127","GalNAc-T2","PIERAPG00000001713","DPOGS207662","Msex2.04824"
"1130","STT3A","PIERAPG00000001716","DPOGS202154","Msex2.08921"
"1135","Pgam5","PIERAPG00000001724","DPOGS206996","Msex2.05088"
"1148","ACLY","PIERAPG00000001749","DPOGS209348","Msex2.09823"
"1154","CG6455","PIERAPG00000001756","DPOGS206192","Msex2.13591"
"1174","Mdh1","PIERAPG00000001786","DPOGS211021","Msex2.00600"
"1181","fpi-1","PIERAPG00000001795","DPOGS205049","Msex2.05003"
"1184","Tceb2","PIERAPG00000001799","DPOGS204137","Msex2.12129"
"1187","SUCLA2","PIERAPG00000001805","DPOGS208650","Msex2.09793"
"1204","RpL23","PIERAPG00000001839","DPOGS204004","Msex2.03879"
"1214","GMPR2","PIERAPG00000001854","DPOGS215517","Msex2.11043"
"1216","Phm","PIERAPG00000001858","DPOGS201498","Msex2.03709"
"1230","Mycbpap","PIERAPG00000001878","DPOGS209804",NA
"1241","Rpn11","PIERAPG00000001894","DPOGS207376","Msex2.01650"
"1243","HCFC1_2","PIERAPG00000001896","DPOGS204633","Msex2.04165"
"1246","csgA","PIERAPG00000001904","DPOGS212427","Msex2.04502"
"1247","NDUFA13","PIERAPG00000001905","DPOGS205423","Msex2.02848"
"1259","Mst1rsptP","PIERAPG00000001919","DPOGS201674","Msex2.01886"
"1284","tsaC1","PIERAPG00000001958","DPOGS215254,DPOGS215255,DPOGS215256","Msex2.04355"
"1294","RpL24","PIERAPG00000001976","DPOGS212639","Msex2.00695"
"1310","Lam","PIERAPG00000001997","DPOGS215772","Msex2.05468"
"1311","nas-14","PIERAPG00000001998","DPOGS207006","Msex2.05068"
"1312","RAB5B","PIERAPG00000001999","DPOGS201872","Msex2.06883"
"1314","Vat1l","PIERAPG00000002001","DPOGS214660","Msex2.08752"
"1316","GALM","PIERAPG00000002003","DPOGS203290","Msex2.01396"
"1328","ADSL","PIERAPG00000002019","DPOGS210804","Msex2.04655"
"1341","cotO","PIERAPG00000002037","DPOGS210761",NA
"1343","leuS_4","PIERAPG00000002040","DPOGS207993",NA
"1344","PMPCB","PIERAPG00000002042","DPOGS201428","Msex2.08548"
"1352","prrc1","PIERAPG00000002055","DPOGS214308","Msex2.09495"
"1353","Uqcrh","PIERAPG00000002057","DPOGS206902","Msex2.03619"
"1355","TY1B-JR1","PIERAPG00000002061","DPOGS200465","Msex2.08151"
"1382","GF22600","PIERAPG00000002103","DPOGS200973","Msex2.00318"
"1388","Ald_2","PIERAPG00000002110","DPOGS206959",NA
"1397","Y94H6A.8","PIERAPG00000002125","DPOGS203983",NA
"1406","Tufm","PIERAPG00000002139","DPOGS212118","Msex2.04337"
"1429","DNAH7","PIERAPG00000002172","DPOGS201289","Msex2.05412"
"1440","CG11899","PIERAPG00000002187","DPOGS201041",NA
"1445","Mb2939c","PIERAPG00000002194","DPOGS207426","Msex2.01444"
"1451","BLMH_2","PIERAPG00000002201","DPOGS207070","Msex2.13576"
"1453","HACL1","PIERAPG00000002204","DPOGS216038","Msex2.01668"
"1461","MINPP1","PIERAPG00000002215","DPOGS210868","Msex2.04664"
"1464","ACADS","PIERAPG00000002218","DPOGS210849","Msex2.06429"
"1470","panD","PIERAPG00000002226","DPOGS200231",NA
"1473","RpS9","PIERAPG00000002232","DPOGS210524","Msex2.05775"
"1477","CP096","PIERAPG00000002237","DPOGS204260","Msex2.07054"
"1497","TRF_3","PIERAPG00000002272","DPOGS213828","Msex2.02637"
"1511","CG5009_2","PIERAPG00000002294","DPOGS201540","Msex2.10310"
"1512","GNAO","PIERAPG00000002295","DPOGS211768","Msex2.05855"
"1514","Chchd2","PIERAPG00000002297","DPOGS202732","Msex2.01875"
"1516","RpS26","PIERAPG00000002300","DPOGS213173","Msex2.05118"
"1518","FKBP1B","PIERAPG00000002303","DPOGS202553","Msex2.09372"
"1522","PI31","PIERAPG00000002309","DPOGS215681","Msex2.03753"
"1529","bmp1","PIERAPG00000002316",NA,"Msex2.02039"
"1546","RPS27","PIERAPG00000002337","DPOGS204971","Msex2.08289"
"1564","Hyou1","PIERAPG00000002366","DPOGS202635","Msex2.01165"
"1565","l(2)efl_2","PIERAPG00000002367","DPOGS205495","Msex2.00977"
"1569","RGN_3","PIERAPG00000002373","DPOGS204686","Msex2.09303"
"1576","CTTNBP2","PIERAPG00000002385","DPOGS203308","Msex2.05998"
"1586","TGFB1I1","PIERAPG00000002399","DPOGS201197","Msex2.04759"
"1587","G112859","PIERAPG00000002400","DPOGS201740","Msex2.06511"
"1622","APLP_2","PIERAPG00000002451","DPOGS203765","Msex2.09436"
"1631","PSMC6","PIERAPG00000002467","DPOGS201696","Msex2.08691"
"1633","Ppp1r36","PIERAPG00000002469","DPOGS216010","Msex2.10502"
"1646","NDUFB5","PIERAPG00000002490","DPOGS209746","Msex2.06054"
"1670","VCP","PIERAPG00000002527",NA,"Msex2.05426"
"1672","CSNK1G3","PIERAPG00000002530","DPOGS215239","Msex2.00721"
"1678","AIMP1mrs-1","PIERAPG00000002536","DPOGS203169","Msex2.06745"
"1681","pyrB","PIERAPG00000002539","DPOGS213255","Msex2.07263"
"1682","Tfpi","PIERAPG00000002540","DPOGS200206","Msex2.02475"
"1692","PSMD5","PIERAPG00000002556","DPOGS202056","Msex2.00667"
"1718","Abcb7","PIERAPG00000002599","DPOGS210077","Msex2.11947"
"1726","CD022","PIERAPG00000002614","DPOGS202129,DPOGS202130","Msex2.06763"
"1728","UBXN4","PIERAPG00000002617","DPOGS210188","Msex2.02151"
"1731","GGCT","PIERAPG00000002622","DPOGS215639","Msex2.05471"
"1733","REX4","PIERAPG00000002625","DPOGS203061",NA
"1741","SNX12","PIERAPG00000002640","DPOGS200601","Msex2.04065"
"1743","ZW","PIERAPG00000002642","DPOGS214247","Msex2.12611"
"1751","Klk1b22COX4I1","PIERAPG00000002654","DPOGS201112","Msex2.06954"
"1752","RpL18A","PIERAPG00000002659","DPOGS209150","Msex2.04461"
"1756","ACT","PIERAPG00000002664","DPOGS203388","Msex2.03685"
"1765","Iqub","PIERAPG00000002680","DPOGS210956","Msex2.00617"
"1767","SNX2","PIERAPG00000002682","DPOGS214383","Msex2.09496"
"1782","NATT3","PIERAPG00000002704","DPOGS202599","Msex2.13499"
"1788","Ndufv3","PIERAPG00000002710",NA,"Msex2.01170"
"1803","eIF-5A","PIERAPG00000002732","DPOGS204668","Msex2.03457,Msex2.10260"
"1817","ATIC","PIERAPG00000002751","DPOGS208890","Msex2.10529"
"1821","Dynlt1","PIERAPG00000002756","DPOGS212495","Msex2.11429"
"1823","Ndufs2","PIERAPG00000002760","DPOGS204928","Msex2.01935"
"1824","idhb-1","PIERAPG00000002761","DPOGS215558","Msex2.11193"
"1827","eIF3-S10","PIERAPG00000002765","DPOGS207071","Msex2.13111"
"1832","NDUFA8","PIERAPG00000002772","DPOGS202261","Msex2.12581"
"1837","5NUC","PIERAPG00000002779","DPOGS215482","Msex2.07731"
"1840","Dcr-1","PIERAPG00000002787","DPOGS211065",NA
"1853","FSIP1rsmC","PIERAPG00000002808","DPOGS209582",NA
"1870","sesB","PIERAPG00000002831","DPOGS205211","Msex2.14995"
"1871","LSM5","PIERAPG00000002832","DPOGS200692","Msex2.02582"
"1882","TRYP7TRYP4","PIERAPG00000002847",NA,"Msex2.04725"
"1894","Atp6ap1","PIERAPG00000002868","DPOGS205239","Msex2.09815"
"1896","Hm13","PIERAPG00000002871","DPOGS202915","Msex2.12177"
"1924","G106677","PIERAPG00000002914","DPOGS205354","Msex2.02985"
"1934","Hsc70-5","PIERAPG00000002927","DPOGS205238","Msex2.09813"
"1939","PSME3","PIERAPG00000002935","DPOGS209751","Msex2.00139"
"1963","SPINK1","PIERAPG00000002971","DPOGS208165","Msex2.14483"
"1964","eIF-2gammaEIF2S3","PIERAPG00000002972",NA,"Msex2.05587"
"1969","PDAP1","PIERAPG00000002977",NA,"Msex2.02711"
"1972","AK8","PIERAPG00000002980","DPOGS208773","Msex2.10248"
"1987","psmc3-aPsmc3","PIERAPG00000003006","DPOGS204033","Msex2.00862"
"1989","Acadvl","PIERAPG00000003008","DPOGS210602","Msex2.11315"
"1991","glmM","PIERAPG00000003010",NA,"Msex2.08592"
"1994","lap","PIERAPG00000003013","DPOGS214857","Msex2.03217"
"2005","Ndufc2","PIERAPG00000003027","DPOGS213678","Msex2.08347"
"2022","COX5B_2","PIERAPG00000003053","DPOGS204999","Msex2.08281"
"2045","VATG","PIERAPG00000003090","DPOGS201111","Msex2.06958"
"2048","CYB5D1","PIERAPG00000003098","DPOGS209599","Msex2.13047,Msex2.06316"
"2049","Sms","PIERAPG00000003099","DPOGS210067",NA
"2054","Rpl35","PIERAPG00000003107","DPOGS214178","Msex2.03136"
"2059","Prep","PIERAPG00000003112","DPOGS201501","Msex2.03717"
"2061","ESYN1","PIERAPG00000003114","DPOGS209113","Msex2.13914"
"2062","zgc:110373C15orf26","PIERAPG00000003115",NA,"Msex2.00212"
"2076","GBETA1","PIERAPG00000003135","DPOGS213921","Msex2.05211"
"2082","sae1","PIERAPG00000003144","DPOGS210473","Msex2.08510"
"2086","Tfpi_2","PIERAPG00000003150",NA,"Msex2.13402"
"2088","G108499","PIERAPG00000003152","DPOGS200479,DPOGS210787","Msex2.12263"
"2100","CALU","PIERAPG00000003171","DPOGS201855","Msex2.06886"
"2101","Mlp84B","PIERAPG00000003172","DPOGS207461","Msex2.13943"
"2102","Hsc70-3","PIERAPG00000003173","DPOGS208844","Msex2.10249"
"2110","HEMO","PIERAPG00000003186","DPOGS205240","Msex2.09807,Msex2.09809"
"2111","RpS18","PIERAPG00000003188","DPOGS211218","Msex2.10077"
"2124","eIF3-S9","PIERAPG00000003206","DPOGS210798","Msex2.04663"
"2126","RpL44","PIERAPG00000003208",NA,"Msex2.11493"
"2143","FABP3","PIERAPG00000003237","DPOGS206997","Msex2.05086"
"2153","RpL30","PIERAPG00000003252","DPOGS216087","Msex2.06878"
"2161","GST1_3","PIERAPG00000003269","DPOGS200212,DPOGS200213","Msex2.02753,Msex2.15508"
"2167","Dopey2CCIN","PIERAPG00000003276","DPOGS200283","Msex2.13825"
"2177","EF1A","PIERAPG00000003296","DPOGS215734","Msex2.03741"
"2191","BSG","PIERAPG00000003324",NA,"Msex2.07438"
"2198","Gnmt","PIERAPG00000003333","DPOGS204745","Msex2.03986"
"2205","phospho1PHOSPHO2","PIERAPG00000003345","DPOGS214459",NA
"2208","DNAH2","PIERAPG00000003349","DPOGS202794",NA
"2218","GA12348","PIERAPG00000003362","DPOGS202994","Msex2.11850"
"2230","zgc:110816","PIERAPG00000003382","DPOGS205137","Msex2.13700"
"2234","Usp14","PIERAPG00000003389","DPOGS210469","Msex2.08515"
"2240","LA1D","PIERAPG00000003399","DPOGS203629","Msex2.05958"
"2257","AAEL004347","PIERAPG00000003424","DPOGS211952","Msex2.06809"
"2270","PRDX5","PIERAPG00000003441","DPOGS202773","Msex2.11496"
"2272","ARGK","PIERAPG00000003443","DPOGS215720","Msex2.00929"
"2278","F40A3.3","PIERAPG00000003450","DPOGS211498","Msex2.10797"
"2288","G109594","PIERAPG00000003463","DPOGS205501","Msex2.09599"
"2292","Synrg","PIERAPG00000003468","DPOGS209581","Msex2.12016"
"2309","Khc","PIERAPG00000003490","DPOGS205065","Msex2.04977"
"2313","Psmd8","PIERAPG00000003501","DPOGS201773","Msex2.12284"
"2315","LanB1","PIERAPG00000003503","DPOGS207761","Msex2.06637"
"2319","Tpsab1Prss44","PIERAPG00000003507","DPOGS205206","Msex2.14187,Msex2.09816"
"2323","LAYNpfh1","PIERAPG00000003514","DPOGS215784","Msex2.05487"
"2332","DDB_G0271196","PIERAPG00000003525","DPOGS207402","Msex2.01446"
"2340","speD","PIERAPG00000003534",NA,"Msex2.08583"
"2343","ADK","PIERAPG00000003537","DPOGS213222",NA
"2352","Cbfa2t3","PIERAPG00000003557","DPOGS213352","Msex2.09558"
"2355","SERA","PIERAPG00000003561","DPOGS202453","Msex2.12851"
"2367","CCT7","PIERAPG00000003586","DPOGS204614","Msex2.07173"
"2368","PSPH","PIERAPG00000003587","DPOGS207714","Msex2.02294"
"2403","vpx","PIERAPG00000003641","DPOGS206035","Msex2.04782"
"2408","LSM14Blsm14b-b","PIERAPG00000003650","DPOGS212927","Msex2.03490"
"2418","cpa","PIERAPG00000003665","DPOGS206006","Msex2.13321"
"2439","Rbks","PIERAPG00000003701","DPOGS207891","Msex2.00477"
"2440","BJSP-1","PIERAPG00000003702","DPOGS209980","Msex2.10735"
"2458","UPB1","PIERAPG00000003734","DPOGS201074","Msex2.02852"
"2464","Mlc1","PIERAPG00000003741","DPOGS211573","Msex2.00583"
"2466","Prkra","PIERAPG00000003748","DPOGS209755","Msex2.00134"
"2478","Phgdh","PIERAPG00000003762","DPOGS212576","Msex2.06017"
"2486","RPS15","PIERAPG00000003775","DPOGS208043","Msex2.11577"
"2490","RSPH6ARsph4a","PIERAPG00000003783","DPOGS212876,DPOGS212875","Msex2.00871"
"2498","an3DDX3X","PIERAPG00000003793",NA,"Msex2.09771"
"2501","Sat2","PIERAPG00000003798","DPOGS211441","Msex2.01985"
"2516","PRS6B","PIERAPG00000003823","DPOGS206622","Msex2.00530"
"2525","NID2","PIERAPG00000003835","DPOGS205117","Msex2.08134"
"2526","IgfalsLRRC26","PIERAPG00000003836",NA,"Msex2.02139"
"2532","sesB_2","PIERAPG00000003845","DPOGS201402","Msex2.06969"
"2535","NARS","PIERAPG00000003848","DPOGS206870","Msex2.11285,Msex2.14101"
"2563","ileS_2","PIERAPG00000003892",NA,"Msex2.07726"
"2565","Kaz-m1_2","PIERAPG00000003894","DPOGS215474","Msex2.04446"
"2569","RpL4","PIERAPG00000003901","DPOGS210643","Msex2.11967"
"2572","Uch","PIERAPG00000003907","DPOGS203259","Msex2.10264"
"2578","eIF-4E","PIERAPG00000003915","DPOGS210094","Msex2.12482"
"2579","Tomm22","PIERAPG00000003917","DPOGS207836","Msex2.02276"
"2583","RpL14","PIERAPG00000003929","DPOGS204848","Msex2.01042"
"2589","Enkur","PIERAPG00000003937","DPOGS203932","Msex2.08258"
"2593","SPBC359.01","PIERAPG00000003946","DPOGS207348",NA
"2595","EHD1","PIERAPG00000003951","DPOGS209040","Msex2.03253"
"2599","DnaJ-1","PIERAPG00000003956","DPOGS202237","Msex2.03041"
"2613","Sec23a","PIERAPG00000003977","DPOGS214955","Msex2.09459"
"2615","eIF3-S8","PIERAPG00000003979","DPOGS206894","Msex2.03631"
"2622","SmG","PIERAPG00000003988","DPOGS213928","Msex2.10134"
"2629","ALN","PIERAPG00000003997","DPOGS205068",NA
"2653","calB","PIERAPG00000004034","DPOGS214799","Msex2.10592"
"2666","Sap47","PIERAPG00000004056","DPOGS215224,DPOGS215223","Msex2.05902"
"2668","Gpdh","PIERAPG00000004060","DPOGS208883","Msex2.00684"
"2682","Shaw_2","PIERAPG00000004088","DPOGS213932","Msex2.03385"
"2689","WDR66","PIERAPG00000004102","DPOGS207299","Msex2.06139"
"2701","Npepps","PIERAPG00000004121","DPOGS213611","Msex2.02406"
"2702","DLDH","PIERAPG00000004123","DPOGS215921","Msex2.03083"
"2710","enosf1","PIERAPG00000004136","DPOGS215779","Msex2.05478"
"2711","DHX30","PIERAPG00000004137",NA,"Msex2.04109"
"2714","Gusb","PIERAPG00000004143","DPOGS207810","Msex2.06626"
"2721","IPO5","PIERAPG00000004153","DPOGS208715","Msex2.08198"
"2725","DPYS","PIERAPG00000004159","DPOGS208592",NA
"2731","CG11486","PIERAPG00000004171","DPOGS207159","Msex2.01389"
"2753","EIF3I","PIERAPG00000004201","DPOGS213128","Msex2.06124,Msex2.14504"
"2760","l(2)37Cc","PIERAPG00000004212","DPOGS214107","Msex2.02019"
"2765","RS3A","PIERAPG00000004218","DPOGS203183,DPOGS203182","Msex2.01922"
"2766","PBAN","PIERAPG00000004219","DPOGS209118",NA
"2769","SODC","PIERAPG00000004223","DPOGS209134","Msex2.00386"
"2771","RpS21","PIERAPG00000004225","DPOGS211671","Msex2.13773"
"2785","TRYP3_2","PIERAPG00000004245","DPOGS214899","Msex2.12379"
"2786","DAP","PIERAPG00000004246","DPOGS203542","Msex2.04910"
"2788","ech-6","PIERAPG00000004250","DPOGS200362","Msex2.13165"
"2814","RS27A","PIERAPG00000004287",NA,"Msex2.07324"
"2831","Ken-072rpoCric-3","PIERAPG00000004317","DPOGS206005",NA
"2835","VCP_2","PIERAPG00000004322","DPOGS207125","Msex2.01614"
"2844","Anp32a","PIERAPG00000004335","DPOGS201252","Msex2.02241"
"2845","NUDT14","PIERAPG00000004337","DPOGS214712","Msex2.01237"
"2847","esr1","PIERAPG00000004340","DPOGS207540","Msex2.07364"
"2853","guaA","PIERAPG00000004346","DPOGS202376","Msex2.10983"
"2854","Prps1","PIERAPG00000004347","DPOGS209694","Msex2.02870"
"2855","VCP_3","PIERAPG00000004348","DPOGS201319","Msex2.05425"
"2867","h2afv","PIERAPG00000004366","DPOGS210556","Msex2.04254"
"2868","MLR","PIERAPG00000004368","DPOGS208212","Msex2.02102"
"2869","KLHL10","PIERAPG00000004370","DPOGS208488","Msex2.06698"
"2887","fum-1","PIERAPG00000004403","DPOGS211602","Msex2.07197"
"2888","IGBP1","PIERAPG00000004405","DPOGS202196","Msex2.07713"
"2890","glnR","PIERAPG00000004407","DPOGS204783",NA
"2893","OXCT1","PIERAPG00000004410","DPOGS200923","Msex2.03109"
"2913","MAP65-8","PIERAPG00000004448","DPOGS202695","Msex2.07904"
"2917","sls_2","PIERAPG00000004452","DPOGS207167","Msex2.11630"
"2919","Jafrac1","PIERAPG00000004455","DPOGS211437","Msex2.01475"
"2928","eIF3-S6","PIERAPG00000004465","DPOGS215609","Msex2.06999"
"2937","HINT1","PIERAPG00000004479",NA,"Msex2.03846"
"2950","C15orf26","PIERAPG00000004497","DPOGS203806","Msex2.00213"
"2955","Sqrdl","PIERAPG00000004503",NA,"Msex2.06427"
"2967","SdhB_2","PIERAPG00000004523","DPOGS202024","Msex2.03529"
"2974","T05H10.6","PIERAPG00000004531","DPOGS213237","Msex2.07271"
"2986","Efcab2","PIERAPG00000004550","DPOGS202537",NA
"2991","GGCT_2","PIERAPG00000004555","DPOGS215777","Msex2.05473"
"3011","PebIII_5","PIERAPG00000004578","DPOGS208398","Msex2.07525"
"3015","HSD17B8","PIERAPG00000004585","DPOGS213161","Msex2.12969"
"3018","NME9","PIERAPG00000004589","DPOGS205593","Msex2.13684"
"3023","ACO2","PIERAPG00000004598","DPOGS210806","Msex2.04652"
"3024","hmu","PIERAPG00000004601","DPOGS213883",NA
"3026","G105527","PIERAPG00000004605",NA,"Msex2.12303"
"3027","VKT2","PIERAPG00000004607","DPOGS212452",NA
"3029","RpL13","PIERAPG00000004612","DPOGS203823","Msex2.00246"
"3034","UGP2","PIERAPG00000004618","DPOGS215219","Msex2.05887"
"3043","Ndufv1","PIERAPG00000004630","DPOGS207628","Msex2.02052"
"3048","Cdlc2","PIERAPG00000004636","DPOGS206819","Msex2.09886"
"3073","B1_3","PIERAPG00000004675","DPOGS207878","Msex2.00462"
"3087","Gabarap","PIERAPG00000004706","DPOGS211637","Msex2.12228"
"3091","MPCP_2","PIERAPG00000004711","DPOGS209345",NA
"3102","Hrb98DE","PIERAPG00000004737","DPOGS210978","Msex2.07254"
"3113","G103224","PIERAPG00000004754",NA,"Msex2.09411"
"3115","AK1","PIERAPG00000004756","DPOGS201556","Msex2.07067"
"3134","SODCPOLE5","PIERAPG00000004798","DPOGS212447","Msex2.11087"
"3148","HIBN","PIERAPG00000004816","DPOGS210875","Msex2.12262"
"3151","CLVS1","PIERAPG00000004820","DPOGS201345","Msex2.05389"
"3167","Rims2","PIERAPG00000004840","DPOGS204470","Msex2.06845"
"3181","tdcB_2","PIERAPG00000004867","DPOGS202329","Msex2.08116"
"3186","Uqcrc1","PIERAPG00000004876","DPOGS203391","Msex2.03690"
"3209","TP02","PIERAPG00000004915","DPOGS211279","Msex2.10214"
"3211","NIPBL","PIERAPG00000004918","DPOGS206105","Msex2.09196"
"3215","RpS17","PIERAPG00000004923","DPOGS208056","Msex2.04623"
"3219","Aldh3a1","PIERAPG00000004927","DPOGS215931","Msex2.06297"
"3252","Acss3","PIERAPG00000004986","DPOGS214860","Msex2.03213"
"3263","Gs2","PIERAPG00000005003","DPOGS207944","Msex2.06356"
"3268","ENPEP_2","PIERAPG00000005011","DPOGS208533","Msex2.11506"
"3270","Psma5","PIERAPG00000005015","DPOGS202375","Msex2.10987"
"3274","deoDprfC","PIERAPG00000005020",NA,"Msex2.09388"
"3278","CTSOGALM","PIERAPG00000005024","DPOGS214009","Msex2.00012"
"3280","FPR2","PIERAPG00000005026","DPOGS206800","Msex2.01392"
"3289","RpL3","PIERAPG00000005041","DPOGS215840","Msex2.08489"
"3300","AGAP009593_2","PIERAPG00000005057",NA,"Msex2.07774"
"3307","CG062","PIERAPG00000005065","DPOGS207283","Msex2.01032"
"3311","MEF1","PIERAPG00000005070","DPOGS208096",NA
"3315","TARDBP","PIERAPG00000005080","DPOGS206111","Msex2.10029"
"3328","Clc","PIERAPG00000005100","DPOGS211917","Msex2.12862,Msex2.13339"
"3332","tomboy40","PIERAPG00000005108","DPOGS215635","Msex2.05475"
"3341","TfIIS","PIERAPG00000005123","DPOGS214124","Msex2.10478"
"3343","Fas3_2","PIERAPG00000005125",NA,"Msex2.01957"
"3347","Prdx4","PIERAPG00000005130","DPOGS208935","Msex2.08651"
"3350","traICFAP45","PIERAPG00000005134","DPOGS213345","Msex2.06078"
"3353","CPA3CBPB","PIERAPG00000005138","DPOGS204330","Msex2.03577"
"3358","Hrb27C_2","PIERAPG00000005146","DPOGS200032","Msex2.11661"
"3361","ttc25","PIERAPG00000005151","DPOGS209915","Msex2.02721"
"3373","Gel_4","PIERAPG00000005165",NA,"Msex2.11400,Msex2.11830"
"3375","mdh","PIERAPG00000005167","DPOGS212589","Msex2.02939"
"3380","RpS6","PIERAPG00000005176","DPOGS208035","Msex2.00702"
"3383","cher","PIERAPG00000005179","DPOGS214485",NA
"3384","CFAP61","PIERAPG00000005180","DPOGS211352","Msex2.00432"
"3388","fhaB_5","PIERAPG00000005187","DPOGS213075",NA
"3394","dpyd","PIERAPG00000005195","DPOGS210796","Msex2.04666"
"3411","ACH1","PIERAPG00000005216","DPOGS201118","Msex2.06957"
"3413","HAS1","PIERAPG00000005220","DPOGS210644,DPOGS210645",NA
"3414","ESYT2","PIERAPG00000005221","DPOGS204224","Msex2.06200"
"3416","eEF1delta","PIERAPG00000005223","DPOGS203816","Msex2.00233"
"3440","HRSP12","PIERAPG00000005265","DPOGS211646,DPOGS208145","Msex2.12226"
"3445","Ssr4","PIERAPG00000005270","DPOGS201614","Msex2.14097"
"3455","Act5C","PIERAPG00000005290",NA,"Msex2.05364"
"3460","G109353","PIERAPG00000005304","DPOGS214132","Msex2.10463"
"3487","banf1","PIERAPG00000005349","DPOGS213672","Msex2.12382"
"3490","CG3800","PIERAPG00000005355","DPOGS202911","Msex2.12424"
"3494","CG2145","PIERAPG00000005362","DPOGS215628","Msex2.10045"
"3502","Mp20","PIERAPG00000005371","DPOGS201964","Msex2.05567"
"3516","TBB1_3","PIERAPG00000005392","DPOGS209862","Msex2.12964"
"3531","TAF4mnmG","PIERAPG00000005423","DPOGS200051","Msex2.07359"
"3545","CCT2","PIERAPG00000005443","DPOGS215973","Msex2.12882,Msex2.14325"
"3546","PPT1","PIERAPG00000005444","DPOGS213554","Msex2.02348"
"3559","G105670","PIERAPG00000005465","DPOGS210891","Msex2.00265"
"3562","PSMB2","PIERAPG00000005470","DPOGS206666","Msex2.00505"
"3571","acat1","PIERAPG00000005489","DPOGS205286","Msex2.03956"
"3577","USO1","PIERAPG00000005499","DPOGS204433","Msex2.08978"
"3587","Nucb1","PIERAPG00000005513","DPOGS207190","Msex2.03418"
"3591","ADHX","PIERAPG00000005518","DPOGS210365","Msex2.08932"
"3596","rtn3-b","PIERAPG00000005523","DPOGS209442","Msex2.11379"
"3609","G105259","PIERAPG00000005541","DPOGS213087","Msex2.13890"
"3628","Map10","PIERAPG00000005568","DPOGS206036",NA
"3635","RSPH1","PIERAPG00000005580","DPOGS212621","Msex2.02950"
"3637","psbVCG6659","PIERAPG00000005584","DPOGS211413",NA
"3653","Gnpda1_2","PIERAPG00000005609","DPOGS204639","Msex2.04157"
"3656","JHBP","PIERAPG00000005613","DPOGS209220","Msex2.04011"
"3662","RABAC1","PIERAPG00000005623","DPOGS204264","Msex2.07051"
"3666","Capzb","PIERAPG00000005629","DPOGS204690",NA
"3668","PROF","PIERAPG00000005633","DPOGS211106","Msex2.10363"
"3673","Myef2","PIERAPG00000005639","DPOGS204567","Msex2.02516"
"3691","URH2_3","PIERAPG00000005665","DPOGS208676",NA
"3694","Srp9","PIERAPG00000005669","DPOGS213270","Msex2.14331"
"3705","Pkd1l3","PIERAPG00000005688","DPOGS207741","Msex2.02258"
"3714","boca","PIERAPG00000005704","DPOGS211251","Msex2.01853"
"3722","rpl27","PIERAPG00000005716","DPOGS200872","Msex2.06678"
"3725","NDUFV2","PIERAPG00000005719","DPOGS212938","Msex2.12141"
"3728","DNAH8_2","PIERAPG00000005724","DPOGS203786","Msex2.10051"
"3731","Usp5","PIERAPG00000005730","DPOGS207857","Msex2.02314"
"3740","TARS","PIERAPG00000005744","DPOGS204649","Msex2.09082"
"3743","RpS16","PIERAPG00000005748","DPOGS205984","Msex2.10562"
"3745","TRZ1","PIERAPG00000005750","DPOGS205390",NA
"3748","NDUFA9","PIERAPG00000005753","DPOGS211948","Msex2.06817"
"3751","Uqcrh_2","PIERAPG00000005759",NA,"Msex2.05812"
"3762","thrS_3","PIERAPG00000005774","DPOGS205217","Msex2.09818,Msex2.14077"
"3772","LAMA5KTN1","PIERAPG00000005791","DPOGS202275","Msex2.05295"
"3773","Rpt2_2","PIERAPG00000005792","DPOGS202256","Msex2.13948"
"3774","ARD1","PIERAPG00000005793","DPOGS208136","Msex2.07677"
"3786","asrij","PIERAPG00000005810","DPOGS202995","Msex2.11849"
"3793","ATP5B","PIERAPG00000005828",NA,"Msex2.09812"
"3799","BH0128","PIERAPG00000005837",NA,"Msex2.05995"
"3802","G114311","PIERAPG00000005842","DPOGS210401","Msex2.07168"
"3805","DNAJC3","PIERAPG00000005846","DPOGS211439","Msex2.01990"
"3807","CG30291","PIERAPG00000005851","DPOGS204121","Msex2.00773"
"3819","CYTH1","PIERAPG00000005872","DPOGS203250","Msex2.07593"
"3822","UBA5","PIERAPG00000005877","DPOGS210588","Msex2.03044"
"3826","TIGD6","PIERAPG00000005886","DPOGS201209",NA
"3843","ESTF_9","PIERAPG00000005912","DPOGS207255","Msex2.06145,Msex2.06146"
"3845","Indy_3","PIERAPG00000005916","DPOGS203603","Msex2.01151"
"3852","lysoz_2","PIERAPG00000005930","DPOGS204654","Msex2.03436"
"3859","TRYP_6","PIERAPG00000005942","DPOGS213461",NA
"3860","dapD","PIERAPG00000005943","DPOGS208095","Msex2.11301"
"3862","HEXC_2","PIERAPG00000005945","DPOGS205116","Msex2.08131"
"3863","Dnah8_2","PIERAPG00000005947",NA,"Msex2.14811"
"3871","ANKRD39","PIERAPG00000005957","DPOGS206543","Msex2.07156"
"3875","Pal1","PIERAPG00000005965","DPOGS215724","Msex2.00925"
"3876","glpKTpet","PIERAPG00000005966","DPOGS211068","Msex2.01765"
"3877","Pka-R2","PIERAPG00000005968","DPOGS211789","Msex2.05857"
"3878","MYCBP","PIERAPG00000005969","DPOGS203218","Msex2.11923"
"3880","MPCP_3","PIERAPG00000005973","DPOGS215420","Msex2.12008"
"3883","BicD","PIERAPG00000005976","DPOGS210462","Msex2.08523"
"3892","ANPEP_2","PIERAPG00000005989","DPOGS200548",NA
"3894","LTA4H","PIERAPG00000005991","DPOGS214306","Msex2.09499"
"3897","Timm13","PIERAPG00000005994","DPOGS210920","Msex2.00287"
"3903","STIP1","PIERAPG00000006001","DPOGS202781","Msex2.06404"
"3905","snb-1","PIERAPG00000006007","DPOGS207470",NA
"3913","DNAJA1","PIERAPG00000006016","DPOGS208881","Msex2.00685"
"3914","CG6259","PIERAPG00000006017","DPOGS208897","Msex2.08014"
"3926","RSF1","PIERAPG00000006034","DPOGS205960","Msex2.12437"
"3927","G114193","PIERAPG00000006035","DPOGS207580","Msex2.06104"
"3932","TPD52","PIERAPG00000006042","DPOGS215801","Msex2.06996"
"3946","Dat_3","PIERAPG00000006062","DPOGS209294","Msex2.04003"
"3950","CG9791","PIERAPG00000006067","DPOGS205186","Msex2.04193"
"3952","efcab1","PIERAPG00000006070","DPOGS200908","Msex2.11523"
"3953","Sec11c","PIERAPG00000006072","DPOGS209012,DPOGS209011","Msex2.05732"
"3955","SSR1","PIERAPG00000006075","DPOGS210318","Msex2.13935"
"3963","RpS14","PIERAPG00000006086","DPOGS208928","Msex2.08648"
"3978","Tpi","PIERAPG00000006113","DPOGS200089","Msex2.09000"
"3979","PGLP2","PIERAPG00000006114","DPOGS213842","Msex2.02631"
"3987","CG6971","PIERAPG00000006127","DPOGS211585","Msex2.00575"
"3991","eif6","PIERAPG00000006133","DPOGS205693","Msex2.08631"
"4003","RpLP0","PIERAPG00000006146","DPOGS202160","Msex2.08911"
"4005","Oscp","PIERAPG00000006150","DPOGS203156","Msex2.11922"
"4010","NATT4_3","PIERAPG00000006156","DPOGS210709","Msex2.02441"
"4013","ALDH1A1","PIERAPG00000006162","DPOGS208887","Msex2.10520,Msex2.10521"
"4016","SRSF1","PIERAPG00000006166","DPOGS207134","Msex2.09887"
"4019","RPL12","PIERAPG00000006172","DPOGS214364","Msex2.05828,Msex2.07618"
"4029","ABHD17C","PIERAPG00000006185",NA,"Msex2.05440"
"4032","Lsm2","PIERAPG00000006188",NA,"Msex2.01933"
"4037","nit2","PIERAPG00000006195","DPOGS215088","Msex2.09033"
"4043","G108249","PIERAPG00000006203","DPOGS201807","Msex2.12168"
"4052","CBR1_3","PIERAPG00000006216","DPOGS201907","Msex2.07929"
"4056","lexA","PIERAPG00000006223","DPOGS207401","Msex2.01447"
"4057","RPN2","PIERAPG00000006225","DPOGS202204","Msex2.07699"
"4059","F40A3.3_3","PIERAPG00000006228","DPOGS212746","Msex2.07496,Msex2.10108"
"4068","Mthe","PIERAPG00000006239",NA,"Msex2.08577"
"4076","RPN1_2","PIERAPG00000006249","DPOGS201416",NA
"4089","BBP_2","PIERAPG00000006267","DPOGS202697","Msex2.07908"
"4111","Mfe2HSD17B4","PIERAPG00000006295","DPOGS207507","Msex2.05214"
"4112","Rpn8","PIERAPG00000006296","DPOGS214282","Msex2.02017"
"4120","Iqcd","PIERAPG00000006309","DPOGS207855","Msex2.02301"
"4123","PRS8","PIERAPG00000006317","DPOGS216160","Msex2.12773"
"4124","Gas8","PIERAPG00000006319","DPOGS214840","Msex2.01713"
"4125","trpCCETN2","PIERAPG00000006320",NA,"Msex2.10795"
"4128","akr2e_6","PIERAPG00000006324","DPOGS211673,DPOGS211672","Msex2.05951"
"4130","ImpL3","PIERAPG00000006327","DPOGS202991","Msex2.06580"
"4131","Igfals","PIERAPG00000006330","DPOGS202222","Msex2.07712"
"4146","Sar1b","PIERAPG00000006357","DPOGS208934","Msex2.08649"
"4148","SEC13","PIERAPG00000006359","DPOGS214950","Msex2.09471"
"4155","ESTF_10","PIERAPG00000006370","DPOGS205842",NA
"4173","zip","PIERAPG00000006391","DPOGS215054",NA
"4182","Uro","PIERAPG00000006402","DPOGS214269","Msex2.02001"
"4195","CanA-14F","PIERAPG00000006422","DPOGS206069","Msex2.10022"
"4198","AGAP009949AAEL006684","PIERAPG00000006430","DPOGS207424","Msex2.01442"
"4200","ruvbl2rept","PIERAPG00000006432","DPOGS206175","Msex2.12547"
"4203","C1TC","PIERAPG00000006438","DPOGS211321","Msex2.05258"
"4212","poc1bGB1","PIERAPG00000006453","DPOGS202110","Msex2.00165"
"4213","PGM2","PIERAPG00000006455","DPOGS202799","Msex2.04816"
"4219","M6pr_2","PIERAPG00000006464","DPOGS207875","Msex2.00469"
"4222","epi-1","PIERAPG00000006467","DPOGS215269","Msex2.07422"
"4227","Spase22-23","PIERAPG00000006477","DPOGS205623","Msex2.06286"
"4232","ACADSB","PIERAPG00000006490","DPOGS211032","Msex2.04080"
"4233","Dnah3","PIERAPG00000006491","DPOGS211202",NA
"4235","betaTub60D","PIERAPG00000006503","DPOGS213388","Msex2.06075"
"4242","G109842","PIERAPG00000006510","DPOGS204043","Msex2.00844"
"4255","KATNA1","PIERAPG00000006529","DPOGS209833","Msex2.07192"
"4259","eIF3-S7","PIERAPG00000006533","DPOGS213311","Msex2.03013"
"4265","DBI","PIERAPG00000006540","DPOGS212444,DPOGS212442",NA
"4269","ATP6AP1","PIERAPG00000006546","DPOGS205202","Msex2.09814"
"4273","NDUFB7","PIERAPG00000006550","DPOGS205766","Msex2.04383"
"4277","Tenm3","PIERAPG00000006559","DPOGS210688",NA
"4278","Cctgamma","PIERAPG00000006561","DPOGS205402","Msex2.06942"
"4282","psmb4","PIERAPG00000006568","DPOGS209852","Msex2.03878"
"4288","SNX6","PIERAPG00000006578","DPOGS200454","Msex2.10434"
"4289","LRRC43cep97","PIERAPG00000006580","DPOGS214113","Msex2.02004"
"4296","TIF35rlmH","PIERAPG00000006594","DPOGS213555","Msex2.02346"
"4297","TBA","PIERAPG00000006595","DPOGS203334,DPOGS214479","Msex2.02828,Msex2.04846"
"4301","hisBAMP1","PIERAPG00000006599",NA,"Msex2.13877"
"4302","ODA1","PIERAPG00000006601","DPOGS201801","Msex2.08307"
"4306","SLC25A1","PIERAPG00000006607","DPOGS212748","Msex2.10648"
"4309","Fmr1","PIERAPG00000006613","DPOGS202351","Msex2.09225"
"4348","crt","PIERAPG00000006672","DPOGS210046",NA
"4350","ABCG4_2","PIERAPG00000006674","DPOGS212605","Msex2.02959"
"4376","SFXN1","PIERAPG00000006717","DPOGS215533",NA
"4379","sqd","PIERAPG00000006723","DPOGS210542","Msex2.04249"
"4382","PyK_2","PIERAPG00000006726","DPOGS213656","Msex2.02915"
"4384","Fbn2FBN1","PIERAPG00000006729","DPOGS215419","Msex2.12009"
"4385","abd1rplR","PIERAPG00000006732","DPOGS208597",NA
"4387","CYC","PIERAPG00000006734","DPOGS216029","Msex2.01656"
"4398","RpS10","PIERAPG00000006754","DPOGS211872","Msex2.06816"
"4401","Zc2hc1b","PIERAPG00000006758",NA,"Msex2.01214"
"4412","ZC3H11A","PIERAPG00000006774","DPOGS216128","Msex2.00061"
"4432","Akr1b1","PIERAPG00000006801","DPOGS215024","Msex2.12071"
"4441","si:dkey-263h23.3","PIERAPG00000006811","DPOGS215075","Msex2.06447"
"4442","RpS3","PIERAPG00000006812","DPOGS207421","Msex2.01436"
"4447","G107130","PIERAPG00000006820","DPOGS212612,DPOGS206245",NA
"4449","CCT5","PIERAPG00000006824","DPOGS209097","Msex2.03853"
"4450","GSK3B","PIERAPG00000006827","DPOGS206625","Msex2.00524"
"4455","wbl","PIERAPG00000006836","DPOGS207007","Msex2.05066"
"4458","Lman1","PIERAPG00000006839","DPOGS201735","Msex2.05954"
"4464","EN03","PIERAPG00000006848","DPOGS207191","Msex2.03419"
"4472","Hadha","PIERAPG00000006860","DPOGS211087","Msex2.10082"
"4474","MTFP1","PIERAPG00000006862","DPOGS206839","Msex2.01580"
"4476","QSOX1","PIERAPG00000006866","DPOGS203952","Msex2.01365"
"4494","UQCRC2","PIERAPG00000006896","DPOGS204885","Msex2.10324"
"4509","EFHC1","PIERAPG00000006924","DPOGS208656","Msex2.09783"
"4511","IMPA1","PIERAPG00000006927","DPOGS215056","Msex2.03562"
"4513","IDH3G","PIERAPG00000006930","DPOGS200448","Msex2.01914"
"4514","FSTL4","PIERAPG00000006931","DPOGS212014","Msex2.14070"
"4528","guaB","PIERAPG00000006950","DPOGS208334",NA
"4533","cpsf6CG7185","PIERAPG00000006960","DPOGS205980","Msex2.09086"
"4547","Cox6a1_2","PIERAPG00000006982","DPOGS207824","Msex2.02259"
"4553","Gmd","PIERAPG00000006993","DPOGS202722","Msex2.11407"
"4557","Hadh","PIERAPG00000006998","DPOGS213213","Msex2.05114"
"4558","G109803","PIERAPG00000006999","DPOGS212815","Msex2.00877"
"4580","Rack1","PIERAPG00000007032",NA,"Msex2.13535"
"4582","tsr","PIERAPG00000007035","DPOGS205498","Msex2.09592"
"4584","Aldh1b1","PIERAPG00000007039","DPOGS201995","Msex2.05583"
"4585","Cd63","PIERAPG00000007040","DPOGS200150","Msex2.00999"
"4611","ncaph2AAEL006169","PIERAPG00000007079","DPOGS209945","Msex2.10743"
"4615","GA16655","PIERAPG00000007088","DPOGS215716","Msex2.00932"
"4616","ubxn1","PIERAPG00000007089","DPOGS202800","Msex2.04814"
"4618","Stt3b","PIERAPG00000007093","DPOGS202246","Msex2.08101"
"4621","IIV3-063R","PIERAPG00000007099","DPOGS211801","Msex2.13376,Msex2.13429,Msex2.13375"
"4622","YMR099C","PIERAPG00000007100","DPOGS215737","Msex2.03745"
"4623","ALDH2","PIERAPG00000007101","DPOGS205397","Msex2.11758"
"4645","DNAH10","PIERAPG00000007135","DPOGS210452","Msex2.08723"
"4646","RpL5","PIERAPG00000007137","DPOGS213082","Msex2.12412,Msex2.12457"
"4662","MARS","PIERAPG00000007160","DPOGS210187","Msex2.02155"
"4673","Psmd2","PIERAPG00000007183","DPOGS207763","Msex2.06641"
"4695","TpnC73F","PIERAPG00000007214","DPOGS213018","Msex2.05504"
"4696","dnal1","PIERAPG00000007215","DPOGS213092","Msex2.12267"
"4698","PRKCSH","PIERAPG00000007217","DPOGS207616","Msex2.00560"
"4699","ALAD","PIERAPG00000007221","DPOGS208843","Msex2.10250"
"4700","MYPH_2","PIERAPG00000007222","DPOGS205732","Msex2.05343"
"4713","Ccdc40","PIERAPG00000007244","DPOGS200337","Msex2.05354"
"4715","G112229","PIERAPG00000007247","DPOGS208663",NA
"4724","Spase25","PIERAPG00000007266","DPOGS201300","Msex2.14229"
"4728","G104138","PIERAPG00000007274","DPOGS200801","Msex2.14653"
"4739","Pkc53E","PIERAPG00000007290","DPOGS206317","Msex2.04738"
"4742","HMCN2_3","PIERAPG00000007294","DPOGS204493",NA
"4744","RpL7","PIERAPG00000007298","DPOGS213493","Msex2.11482"
"4747","Mthfd2l","PIERAPG00000007301","DPOGS215394","Msex2.04614"
"4748","Lrrc71_2","PIERAPG00000007303","DPOGS208601","Msex2.10808"
"4753","purLLysmd1","PIERAPG00000007314",NA,"Msex2.09119"
"4759","mdh-2","PIERAPG00000007325","DPOGS207101","Msex2.01570"
"4762","tig_6","PIERAPG00000007329","DPOGS205382","Msex2.10674,Msex2.10678"
"4767","G107414","PIERAPG00000007334","DPOGS203460","Msex2.01959"
"4774","l(2)efl_4","PIERAPG00000007344","DPOGS211795","Msex2.05844"
"4778","Hsp83","PIERAPG00000007351","DPOGS213899","Msex2.10128"
"4779","cysK_3","PIERAPG00000007352","DPOGS200776","Msex2.06144"
"4798","Ghitm","PIERAPG00000007378","DPOGS211176","Msex2.11150"
"4799","Gapdh2","PIERAPG00000007379","DPOGS215460",NA
"4801","cmpk1","PIERAPG00000007382","DPOGS202892","Msex2.12146"
"4808","hyou1","PIERAPG00000007394",NA,"Msex2.01166"
"4816","Psmd12","PIERAPG00000007409","DPOGS203598","Msex2.01140"
"4817","RpS19a","PIERAPG00000007410","DPOGS206595","Msex2.01199"
"4826","secA_2","PIERAPG00000007422","DPOGS210074","Msex2.13840,Msex2.14486"
"4833","RpS15Aa_2","PIERAPG00000007429","DPOGS206085","Msex2.04961"
"4842","PSMD10","PIERAPG00000007442",NA,"Msex2.02699"
"4844","CG12262","PIERAPG00000007445","DPOGS206041","Msex2.04788"
"4862","ascc3","PIERAPG00000007477","DPOGS212017","Msex2.12296"
"4878","fhaB_7","PIERAPG00000007498",NA,"Msex2.04241"
"4881","RpS12","PIERAPG00000007504","DPOGS213492","Msex2.11480"
"4884","AAEL003512AQP","PIERAPG00000007509","DPOGS213057","Msex2.12299"
"4886","SRM","PIERAPG00000007512","DPOGS205115","Msex2.08125"
"4890","Ost48","PIERAPG00000007519","DPOGS212414","Msex2.04506"
"4910","RpS28_2","PIERAPG00000007551","DPOGS210319","Msex2.14875"
"4912","AnxB9","PIERAPG00000007555","DPOGS200952","Msex2.09296"
"4918","CTRBKlkb1TMPRSS2Habp2CTRL","PIERAPG00000007566","DPOGS215549","Msex2.04935"
"4920","AARSD1","PIERAPG00000007568","DPOGS210384","Msex2.14005"
"4928","Atp6v0a1","PIERAPG00000007581",NA,"Msex2.09122"
"4946","RpL37A","PIERAPG00000007603","DPOGS200444","Msex2.02604"
"4965","Lrp2","PIERAPG00000007634","DPOGS210344","Msex2.07635"
"4970","GRHPR","PIERAPG00000007642","DPOGS201025","Msex2.05557"
"4977","SSR3","PIERAPG00000007655","DPOGS207772","Msex2.06662"
"4987","tubb4","PIERAPG00000007672","DPOGS202403,DPOGS213385,DPOGS213386,DPOGS215440","Msex2.01815,Msex2.01816,Msex2.06073"
"4998","Cyp9f2CYP9E2","PIERAPG00000007691","DPOGS202077","Msex2.11106"
"5009","se_2","PIERAPG00000007708","DPOGS213590","Msex2.02375"
"5014","PUU162","PIERAPG00000007714","DPOGS204059","Msex2.13676"
"5015","G112697","PIERAPG00000007716","DPOGS214731","Msex2.01218"
"5020","ran-4","PIERAPG00000007722","DPOGS202123","Msex2.10401"
"5021","RpL8","PIERAPG00000007723","DPOGS208069","Msex2.11121"
"5031","MKI67","PIERAPG00000007735","DPOGS208198","Msex2.02103"
"5032","SRSF7","PIERAPG00000007737","DPOGS201992","Msex2.13503"
"5046","AAEL013712_3","PIERAPG00000007756",NA,"Msex2.10807"
"5051","Reep5","PIERAPG00000007762","DPOGS211536","Msex2.01518"
"5089","Paox","PIERAPG00000007822","DPOGS211221","Msex2.10083"
"5090","rpsL","PIERAPG00000007823","DPOGS200992","Msex2.03368"
"5094","Evi5","PIERAPG00000007834","DPOGS200889","Msex2.06555"
"5097","sod-2Sod2","PIERAPG00000007840","DPOGS215496","Msex2.03430"
"5105","Bckdhb","PIERAPG00000007851","DPOGS201038","Msex2.05179"
"5131","efhc2","PIERAPG00000007894","DPOGS207775","Msex2.08816"
"5137","ZBTB17ZNF234","PIERAPG00000007907","DPOGS202396","Msex2.10372"
"5141","COPE","PIERAPG00000007911","DPOGS215391","Msex2.09357"
"5157","NDUFS8","PIERAPG00000007937","DPOGS200888","Msex2.06553"
"5159","AXP83.9","PIERAPG00000007940","DPOGS204492","Msex2.03322"
"5168","pdxdc1","PIERAPG00000007951","DPOGS210836",NA
"5169","SCP2_3","PIERAPG00000007952","DPOGS201015","Msex2.03367"
"5170","Aldh1b1_2","PIERAPG00000007954","DPOGS201994","Msex2.05584"
"5178","CFAP44","PIERAPG00000007965","DPOGS205797","Msex2.09544"
"5192","skp1","PIERAPG00000007989","DPOGS211966","Msex2.06796"
"5197","ATPsyn-gamma","PIERAPG00000007996","DPOGS202999","Msex2.01334"
"5202","PxnPPIL2","PIERAPG00000008003","DPOGS200145","Msex2.01005"
"5208","mutMrhmDpulA","PIERAPG00000008013","DPOGS203921","Msex2.10427"
"5217","Tbc1d7","PIERAPG00000008031",NA,"Msex2.00325"
"5226","MRPL12","PIERAPG00000008045","DPOGS210847","Msex2.06433"
"5227","Ndufs2_2","PIERAPG00000008046","DPOGS203997",NA
"5232","BCAP31","PIERAPG00000008054","DPOGS200873","Msex2.06676"
"5237","G104150","PIERAPG00000008063","DPOGS200799","Msex2.12444"
"5240","Got1","PIERAPG00000008067","DPOGS202178","Msex2.09677"
"5259","RpS2","PIERAPG00000008099","DPOGS202037","Msex2.15337"
"5260","lap3","PIERAPG00000008100","DPOGS209137","Msex2.00393"
"5270","G103420","PIERAPG00000008114","DPOGS216053,DPOGS216054","Msex2.01694"
"5284","SmD1","PIERAPG00000008142","DPOGS211526","Msex2.10794"
"5292","MPPA2","PIERAPG00000008156","DPOGS205606","Msex2.07558"
"5295","CYC1CYC12","PIERAPG00000008159","DPOGS212973","Msex2.03495"
"5305","Tcte1_2","PIERAPG00000008174","DPOGS203783","Msex2.12196"
"5317","RpS8","PIERAPG00000008196","DPOGS208705","Msex2.04133"
"5326","ST13","PIERAPG00000008213","DPOGS208457","Msex2.07849"
"5347","Gs2_2","PIERAPG00000008247","DPOGS200911","Msex2.06563"
"5358","GRXC3","PIERAPG00000008262","DPOGS207392","Msex2.01634"
"5364","MRPL1","PIERAPG00000008274","DPOGS209002",NA
"5370","CX6C1COX6C","PIERAPG00000008282","DPOGS216158","Msex2.14366,Msex2.14370"
"5401","CG4968","PIERAPG00000008321","DPOGS202850","Msex2.11490"
"5404","TTC18YOR059C","PIERAPG00000008325","DPOGS201984","Msex2.13505"
"5411","ACP1","PIERAPG00000008334","DPOGS215701","Msex2.05442"
"5416","Clpp","PIERAPG00000008340","DPOGS204174","Msex2.12441"
"5424","MPN_3","PIERAPG00000008353","DPOGS200772","Msex2.07443"
"5442","TBB1_4","PIERAPG00000008384","DPOGS202403,DPOGS213385,DPOGS213386,DPOGS215440","Msex2.01815,Msex2.01816,Msex2.06073"
"5454","DNAH3","PIERAPG00000008411","DPOGS209079","Msex2.08184"
"5458","Ethe1","PIERAPG00000008415","DPOGS214033","Msex2.01174"
"5460","Marc2","PIERAPG00000008420","DPOGS208630,DPOGS204159","Msex2.11736"
"5463","E(bx)","PIERAPG00000008426","DPOGS206084","Msex2.04957"
"5468","Pa2g4","PIERAPG00000008432","DPOGS208919","Msex2.09316"
"5469","PLRG1","PIERAPG00000008433","DPOGS215570","Msex2.00358"
"5472","Atp5d","PIERAPG00000008437","DPOGS203425","Msex2.09536"
"5480","IQCA1P1","PIERAPG00000008452","DPOGS201223","Msex2.05184"
"5482","adkcysS","PIERAPG00000008455","DPOGS203289",NA
"5492","Rpn2","PIERAPG00000008468","DPOGS205492","Msex2.11418"
"5496","110KDQRICH2","PIERAPG00000008472","DPOGS200926","Msex2.03104"
"5532","cnpy1","PIERAPG00000008523","DPOGS214932,DPOGS214931","Msex2.02143"
"5538","Ca-P60A","PIERAPG00000008533","DPOGS212152","Msex2.04319"
"5549","PGAM2","PIERAPG00000008547","DPOGS201813","Msex2.07480,Msex2.12647"
"5561","tbc1d31_2","PIERAPG00000008562","DPOGS205230","Msex2.10665"
"5568","AAEL011789AAEL002956","PIERAPG00000008570","DPOGS200904","Msex2.11529"
"5572","ea_6","PIERAPG00000008577",NA,"Msex2.13602"
"5573","pepE","PIERAPG00000008579","DPOGS206559","Msex2.10118"
"5579","14-3-3zeta","PIERAPG00000008588","DPOGS201744","Msex2.06504"
"5580","DHX57_2","PIERAPG00000008589","DPOGS208515","Msex2.14287"
"5591","HYPB","PIERAPG00000008607","DPOGS201312","Msex2.05438"
"5601","Nipsnap","PIERAPG00000008623","DPOGS206905","Msex2.03617"
"5614","PPP2CA","PIERAPG00000008640","DPOGS204658","Msex2.03440"
"5616","upp_2","PIERAPG00000008643","DPOGS213489","Msex2.11476"
"5617","exu","PIERAPG00000008645","DPOGS202362","Msex2.13559"
"5619","24ngap","PIERAPG00000008650","DPOGS214115","Msex2.02002"
"5621","Tctp","PIERAPG00000008655","DPOGS210922","Msex2.00283"
"5624","UPP1_2","PIERAPG00000008659","DPOGS208154","Msex2.01514"
"5628","Tim8","PIERAPG00000008663","DPOGS202045","Msex2.13251"
"5638","ATPsyn-gamma_2","PIERAPG00000008678","DPOGS215154","Msex2.10273"
"5641","G112534","PIERAPG00000008684","DPOGS203842",NA
"5646","DNAJA2","PIERAPG00000008690","DPOGS214149","Msex2.03182"
"5660","ODF2","PIERAPG00000008707","DPOGS212567","Msex2.03697"
"5662","Il22ra1","PIERAPG00000008709","DPOGS203865","Msex2.02543"
"5665","Mp20_2","PIERAPG00000008712","DPOGS207460","Msex2.15131"
"5666","HtrA2","PIERAPG00000008713","DPOGS208209","Msex2.13580"
"5673","RPS5","PIERAPG00000008723",NA,"Msex2.03336"
"5676","Pdcd6","PIERAPG00000008728","DPOGS200747","Msex2.07122"
"5679","CPC735","PIERAPG00000008732","DPOGS209325","Msex2.06253"
"5683","Moe","PIERAPG00000008738","DPOGS210218","Msex2.09286"
"5692","Prdx6","PIERAPG00000008751","DPOGS203316","Msex2.06007"
"5693","3SX3","PIERAPG00000008753","DPOGS208521","Msex2.00420"
"5698","mdh1b","PIERAPG00000008760","DPOGS208922",NA
"5705","TXO1A","PIERAPG00000008767","DPOGS201039","Msex2.02228"
"5706","jar","PIERAPG00000008769","DPOGS209828","Msex2.07185"
"5721","SdhA","PIERAPG00000008792","DPOGS200427","Msex2.01624"
"5722","SLC36A4_3","PIERAPG00000008793","DPOGS211069","Msex2.01762"
"5727","EIF4H","PIERAPG00000008798","DPOGS206875",NA
"5730","eIF5","PIERAPG00000008802","DPOGS211607","Msex2.11845"
"5743","mex3b_2","PIERAPG00000008816","DPOGS211386",NA
"5746","FERH","PIERAPG00000008819","DPOGS205381","Msex2.10679"
"5750","Psmb7","PIERAPG00000008827","DPOGS211134","Msex2.09263"
"5765","epsilonTry_2","PIERAPG00000008846","DPOGS205340","Msex2.06951"
"5766","PCMT1","PIERAPG00000008847","DPOGS208499","Msex2.06713"
"5776","RAB1A","PIERAPG00000008866","DPOGS204191","Msex2.12330"
"5780","CCDC157","PIERAPG00000008877","DPOGS206681",NA
"5781","LCM","PIERAPG00000008879",NA,"Msex2.11044"
"5785","AFG3L2_2","PIERAPG00000008886","DPOGS212039","Msex2.01744"
"5786","Slc25a11","PIERAPG00000008888","DPOGS200989","Msex2.03362"
"5795","btf3l4","PIERAPG00000008899",NA,"Msex2.08693"
"5800","Dnajb11","PIERAPG00000008907","DPOGS211167","Msex2.09264"
"5814","Prss27iotaTry","PIERAPG00000008928","DPOGS208303","Msex2.00836"
"5820","surALrp1","PIERAPG00000008940","DPOGS213366","Msex2.01835"
"5837","CA158","PIERAPG00000008967","DPOGS209641","Msex2.05047"
"5843","SIK2_2","PIERAPG00000008977","DPOGS206646","Msex2.00499"
"5859","CoVa","PIERAPG00000009004",NA,"Msex2.00958"
"5861","VPS4B","PIERAPG00000009006","DPOGS211029","Msex2.05831"
"5862","Klhl29_2","PIERAPG00000009007","DPOGS203977",NA
"5877","SDF2_2","PIERAPG00000009034","DPOGS213950","Msex2.08209"
"5880","GL13816","PIERAPG00000009039","DPOGS210314","Msex2.10907"
"5884","AnxB11","PIERAPG00000009044","DPOGS202128","Msex2.06765"
"5891","Sec31a","PIERAPG00000009054","DPOGS203413","Msex2.01400"
"5897","NDUFA7","PIERAPG00000009063","DPOGS206257","Msex2.00727"
"5913","ATPsyn-beta","PIERAPG00000009090","DPOGS209009,DPOGS209016","Msex2.00696,Msex2.05734"
"5916","CG6379","PIERAPG00000009095","DPOGS207794","Msex2.06653"
"5936","spr","PIERAPG00000009125","DPOGS201017","Msex2.03364"
"5948","efp2scn4aa","PIERAPG00000009142","DPOGS208675","Msex2.04089"
"5952","Txnl1","PIERAPG00000009146","DPOGS213145","Msex2.12302"
"5962","SCAMP1","PIERAPG00000009157","DPOGS215395","Msex2.04616"
"5964","exc-4","PIERAPG00000009159","DPOGS200978","Msex2.05547"
"5968","HMGCLNANS","PIERAPG00000009165","DPOGS201756","Msex2.06491"
"5975","YBOXH","PIERAPG00000009177","DPOGS209686","Msex2.04791"
"5983","VCATH_5","PIERAPG00000009186","DPOGS209258",NA
"5987","CPIJ003725","PIERAPG00000009194","DPOGS202691","Msex2.07896"
"5991","tef2","PIERAPG00000009203",NA,"Msex2.12145"
"6013","RPOA3","PIERAPG00000009245","DPOGS202694","Msex2.07903"
"6016","LRP1_3","PIERAPG00000009249","DPOGS203529","Msex2.10925"
"6017","Ppif","PIERAPG00000009250","DPOGS208956","Msex2.09335"
"6019","20","PIERAPG00000009252","DPOGS203086",NA
"6021","EIF3K","PIERAPG00000009254","DPOGS213698","Msex2.11983"
"6032","L_3","PIERAPG00000009270",NA,"Msex2.08734"
"6034","Ahcy13","PIERAPG00000009275","DPOGS211094","Msex2.10075"
"6036","UQCRFS1_2","PIERAPG00000009278","DPOGS203971",NA
"6041","bai","PIERAPG00000009284","DPOGS214716","Msex2.01224"
"6048","cobT","PIERAPG00000009298","DPOGS215321","Msex2.13383"
"6064","sdha","PIERAPG00000009321","DPOGS203282","Msex2.01420"
"6065","MYPH_3","PIERAPG00000009322","DPOGS202004",NA
"6082","fahd2","PIERAPG00000009344","DPOGS210282","Msex2.13593"
"6097","Rab11a_2","PIERAPG00000009366","DPOGS208318","Msex2.11861"
"6107","ARF1","PIERAPG00000009377","DPOGS201666","Msex2.01882"
"6110","Nme5","PIERAPG00000009381","DPOGS200496","Msex2.02970"
"6124","F23B12.5","PIERAPG00000009405","DPOGS200407","Msex2.02606"
"6128","IBTKsojo","PIERAPG00000009412","DPOGS213094","Msex2.13015,Msex2.14160"
"6138","y_8","PIERAPG00000009425","DPOGS203237","Msex2.07594"
"6141","Psmd13","PIERAPG00000009428","DPOGS204084","Msex2.08161"
"6147","F40A3.3_4","PIERAPG00000009434","DPOGS212717","Msex2.10106,Msex2.07498"
"6150","TEKT4","PIERAPG00000009437","DPOGS206517","Msex2.09578"
"6157","Nme7_2","PIERAPG00000009447","DPOGS215800","Msex2.06992"
"6159","Pfk","PIERAPG00000009450","DPOGS203810","Msex2.00221"
"6170","CAND1","PIERAPG00000009465","DPOGS201752","Msex2.06493"
"6180","EIF5B","PIERAPG00000009479","DPOGS205159","Msex2.04194"
"6185","TBCB_2","PIERAPG00000009490","DPOGS215582","Msex2.00359"
"6189","G101978","PIERAPG00000009495","DPOGS208684","Msex2.04100"
"6190","Gs2_3","PIERAPG00000009497",NA,"Msex2.04897"
"6197","ATP6AP2","PIERAPG00000009504","DPOGS210951","Msex2.00609"
"6203","PROC1_2","PIERAPG00000009513","DPOGS215437","Msex2.04589"
"6217","SULT1C4WDR66","PIERAPG00000009531","DPOGS212420","Msex2.04499"
"6222","alphaTub84B","PIERAPG00000009540","DPOGS203334,DPOGS214479","Msex2.02828,Msex2.04846"
"6227","CRYL1","PIERAPG00000009546","DPOGS211998","Msex2.03080"
"6231","Tekt4","PIERAPG00000009551","DPOGS206518","Msex2.09579"
"6240","gerLC","PIERAPG00000009571","DPOGS207733","Msex2.02267"
"6252","cfaD","PIERAPG00000009593","DPOGS213403","Msex2.08891"
"6261","Hspa4lHspa4","PIERAPG00000009605","DPOGS216013","Msex2.09486"
"6263","ran","PIERAPG00000009608","DPOGS212140","Msex2.04338"
"6266","Ube4a_2","PIERAPG00000009616","DPOGS206462","Msex2.01903"
"6269","Arf102F","PIERAPG00000009622","DPOGS200433","Msex2.01621"
"6286","l(2)efl_6","PIERAPG00000009652","DPOGS206383","Msex2.00970"
"6288","LRRC48","PIERAPG00000009654","DPOGS213565","Msex2.02331"
"6297","G114907","PIERAPG00000009668","DPOGS208842","Msex2.10254"
"6313","PSMC2","PIERAPG00000009690","DPOGS209519","Msex2.03468"
"6316","metG","PIERAPG00000009694","DPOGS203451",NA
"6318","pgant9_2","PIERAPG00000009696","DPOGS204937","Msex2.00119"
"6322","lark_2","PIERAPG00000009702","DPOGS213215","Msex2.05110"
"6328","mnmEft","PIERAPG00000009711",NA,"Msex2.13004"
"6333","Uqcrq","PIERAPG00000009721","DPOGS211980",NA
"6347","eIF3-S5","PIERAPG00000009743","DPOGS213980","Msex2.09734"
"6365","GlyP","PIERAPG00000009771","DPOGS205027","Msex2.09538"
"6375","EF1G","PIERAPG00000009786","DPOGS203501","Msex2.07472"
"6389","Fhod3","PIERAPG00000009808","DPOGS207157","Msex2.01385"
"6392","CF165","PIERAPG00000009813","DPOGS201709","Msex2.11674"
"6395","Coq3_4","PIERAPG00000009819","DPOGS209147","Msex2.04459"
"6407","snk_8","PIERAPG00000009839",NA,"Msex2.11522"
"6408","ADAD1","PIERAPG00000009842",NA,"Msex2.05204"
"6411","Psma3","PIERAPG00000009848","DPOGS207864","Msex2.00489"
"6416","wun_4","PIERAPG00000009856","DPOGS214346",NA
"6417","PSMB6","PIERAPG00000009859","DPOGS208686","Msex2.04102"
"6421","Polr2h","PIERAPG00000009867","DPOGS203884","Msex2.13959,Msex2.14573"
"6433","Prm","PIERAPG00000009886","DPOGS207154","Msex2.01383"
"6434","CBS_2","PIERAPG00000009887","DPOGS202279","Msex2.05289"
"6435","VATH","PIERAPG00000009888","DPOGS207382","Msex2.01647"
"6459","Acsl4","PIERAPG00000009926","DPOGS210140","Msex2.00253"
"6460","PNLIPrnpA","PIERAPG00000009928","DPOGS213355","Msex2.13991"
"6468","G101702","PIERAPG00000009938","DPOGS210866","Msex2.04661"
"6488","FucaFUCA1","PIERAPG00000009965","DPOGS212990","Msex2.00174,Msex2.00175"
"6494","PGD","PIERAPG00000009973","DPOGS203400","Msex2.06000"
"6496","VCATH_6","PIERAPG00000009977","DPOGS209254,DPOGS209255,DPOGS209257","Msex2.07600"
"6506","EXOC3DDB_G0280855","PIERAPG00000009992","DPOGS201181","Msex2.04747"
"6508","G104893","PIERAPG00000009994","DPOGS212012","Msex2.13955,Msex2.14520"
"6510","Stk39","PIERAPG00000009996","DPOGS215733","Msex2.03738,Msex2.03740"
"6512","TXNDC12","PIERAPG00000010000","DPOGS207330",NA
"6525","ALDH18A1","PIERAPG00000010019","DPOGS205264","Msex2.07392"
"6530","ATPsyn-b_2","PIERAPG00000010026","DPOGS215193","Msex2.05885"
"6539","DNAH9_2","PIERAPG00000010036","DPOGS214631","Msex2.03755"
"6545","PRDX3","PIERAPG00000010046","DPOGS210284","Msex2.13516"
"6578","LETM1","PIERAPG00000010092","DPOGS213831","Msex2.02642"
"6583","Hsp90b1","PIERAPG00000010098","DPOGS206511","Msex2.07952"
"6584","ERAP2","PIERAPG00000010099","DPOGS209841","Msex2.05163"
"6585","Erlec1","PIERAPG00000010100","DPOGS207666","Msex2.04833"
"6595","TRIP11","PIERAPG00000010123","DPOGS211811","Msex2.13702"
"6598","DYI3DNAI2","PIERAPG00000010126","DPOGS201832","Msex2.07934"
"6604","TRIOBP_2","PIERAPG00000010134","DPOGS210389",NA
"6615","tra-2","PIERAPG00000010153","DPOGS201912",NA
"6628","Obp66","PIERAPG00000010173","DPOGS209968","Msex2.07317"
"6631","Hex-t2","PIERAPG00000010176","DPOGS209159","Msex2.04476"
"6633","DYHC_6","PIERAPG00000010180","DPOGS214653","Msex2.05413"
"6641","MRPL25rvb1","PIERAPG00000010192","DPOGS214875","Msex2.01716"
"6647","Ndufs1ND75","PIERAPG00000010201","DPOGS209744","Msex2.06050"
"6662","Ptpn9_3","PIERAPG00000010225","DPOGS208025","Msex2.12977"
"6664","Prat","PIERAPG00000010227","DPOGS208787","Msex2.10915"
"6669","ANGPTL1","PIERAPG00000010238","DPOGS206045","Msex2.05990"
"6670","Dlc90F","PIERAPG00000010239","DPOGS208175","Msex2.03780"
"6673","Tssk1b","PIERAPG00000010242","DPOGS205664","Msex2.05626"
"6681","gghA_2","PIERAPG00000010252","DPOGS204888","Msex2.01091"
"6683","CtBP","PIERAPG00000010255","DPOGS209858","Msex2.09826"
"6686","fkbp1a","PIERAPG00000010260","DPOGS211741","Msex2.10997"
"6693","catip","PIERAPG00000010270","DPOGS205815","Msex2.02667"
"6699","CAP2CAP1","PIERAPG00000010284","DPOGS215799","Msex2.06984"
"6706","CG45057","PIERAPG00000010296","DPOGS203412",NA
"6709","pabpc1-a","PIERAPG00000010299","DPOGS203821","Msex2.00245"
"6723","ppp1cb","PIERAPG00000010320","DPOGS206670","Msex2.00519"
"6724","Ubqln1","PIERAPG00000010321","DPOGS202527","Msex2.02503"
"6736","Fcp3CpqqE","PIERAPG00000010338","DPOGS204247",NA
"6738","rtcAGlipr2","PIERAPG00000010340","DPOGS208674","Msex2.04088"
"6740","PF13_0198_4","PIERAPG00000010342","DPOGS215677","Msex2.03763"
"6759","Adk2","PIERAPG00000010379","DPOGS201435","Msex2.03720"
"6770","Phb2","PIERAPG00000010398","DPOGS202628","Msex2.01169"
"6793","DNAH6","PIERAPG00000010431","DPOGS201379","Msex2.06578"
"6795","HSP7D","PIERAPG00000010437","DPOGS210250","Msex2.07583,Msex2.07584"
"6799","Oscp_2","PIERAPG00000010442","DPOGS200377","Msex2.01111"
"6806","MTTP","PIERAPG00000010453","DPOGS213188","Msex2.05145"
"6809","tag-125","PIERAPG00000010457","DPOGS206112","Msex2.10030"
"6814","ACT_2","PIERAPG00000010465","DPOGS203389","Msex2.03686"
"6821","SSR2","PIERAPG00000010479","DPOGS206370","Msex2.00951"
"6823","DNAH1","PIERAPG00000010481",NA,"Msex2.08745"
"6827","ESR16","PIERAPG00000010485","DPOGS210013","Msex2.08468"
"6838","PHSH","PIERAPG00000010500",NA,"Msex2.06014"
"6842","TER94","PIERAPG00000010506","DPOGS214371","Msex2.07610"
"6845","HSPG2","PIERAPG00000010509","DPOGS203293","Msex2.01399"
"6848","tuba","PIERAPG00000010512","DPOGS211429","Msex2.07096"
"6855","G108136","PIERAPG00000010526",NA,"Msex2.14391"
"6859","Sep2","PIERAPG00000010532","DPOGS207412","Msex2.01428"
"6887","rpl27a","PIERAPG00000010572","DPOGS200746","Msex2.07120"
"6899","eIF3-S4","PIERAPG00000010590","DPOGS215568","Msex2.04409"
"6911","G104761","PIERAPG00000010606","DPOGS211107","Msex2.11647"
"6912","CG6488","PIERAPG00000010607","DPOGS206475",NA
"6913","AnxB10","PIERAPG00000010608","DPOGS200844","Msex2.07788"
"6915","faf2-b","PIERAPG00000010610","DPOGS216077","Msex2.01660"
"6939","CD63_3","PIERAPG00000010647","DPOGS200740","Msex2.10623"
"6960","Mlc-c","PIERAPG00000010672","DPOGS209474","Msex2.12661"
"6965","Rho1","PIERAPG00000010679","DPOGS215932","Msex2.06299"
"6966","NSFL1C","PIERAPG00000010680","DPOGS208156","Msex2.13678"
"6967","Kcp","PIERAPG00000010681","DPOGS204765","Msex2.09144"
"6972","Arfgap3","PIERAPG00000010688","DPOGS204628","Msex2.04160"
"6975","cysSAdgb","PIERAPG00000010691","DPOGS215043","Msex2.03557"
"6986","AIFM3","PIERAPG00000010707","DPOGS201822","Msex2.12804"
"6988","TfpiG2","PIERAPG00000010711","DPOGS213436","Msex2.02986"
"6997","NDUBA","PIERAPG00000010721","DPOGS203597","Msex2.01138"
"7002","G111924","PIERAPG00000010728","DPOGS206001","Msex2.11605"
"7007","DFP","PIERAPG00000010737","DPOGS214263","Msex2.10479"
"7017","Cat","PIERAPG00000010758","DPOGS209670","Msex2.03412"
"7018","ASHR3","PIERAPG00000010760","DPOGS200939","Msex2.13127,Msex2.14274"
"7038","CPOAOP1","PIERAPG00000010787","DPOGS207526",NA
"7048","hsdl2","PIERAPG00000010798","DPOGS210802","Msex2.04656"
"7070","HDLBP","PIERAPG00000010833","DPOGS206108","Msex2.10019"
"7073","ChmRep","PIERAPG00000010838","DPOGS200728","Msex2.10614"
"7085","Pacrg","PIERAPG00000010858","DPOGS204357","Msex2.02786"
"7092","PC","PIERAPG00000010871","DPOGS205472",NA
"7094","NCU00381","PIERAPG00000010873",NA,"Msex2.13581"
"7101","Psma4","PIERAPG00000010882","DPOGS202926","Msex2.06383"
"7102","SRSF2","PIERAPG00000010883",NA,"Msex2.05347"
"7103","eIF-2alpha","PIERAPG00000010884","DPOGS204523","Msex2.09377"
"7118","Osbp_2","PIERAPG00000010905","DPOGS200359","Msex2.13828"
"7131","Oat","PIERAPG00000010922",NA,"Msex2.09634"
"7137","Ance_2","PIERAPG00000010932","DPOGS205558","Msex2.07568"
"7158","G103367","PIERAPG00000010964","DPOGS208441","Msex2.13708"
"7164","CubntigSSB","PIERAPG00000010974","DPOGS203780","Msex2.07009"
"7173","WARS","PIERAPG00000010988","DPOGS214597","Msex2.12355"
"7188","alpha-Adaptin_2","PIERAPG00000011004","DPOGS203866","Msex2.01758"
"7197","Pgk","PIERAPG00000011021","DPOGS213064","Msex2.08800,Msex2.11453"
"7204","EXPB2PTGS2","PIERAPG00000011031","DPOGS203841",NA
"7206","Ropn1l","PIERAPG00000011033","DPOGS211696","Msex2.08323"
"7223","Atpalpha_2","PIERAPG00000011059","DPOGS214640","Msex2.09855"
"7233","G103331","PIERAPG00000011070","DPOGS208050","Msex2.04636"
"7244","VHAA","PIERAPG00000011082","DPOGS203490","Msex2.07462"
"7248","RpL28","PIERAPG00000011087","DPOGS205446","Msex2.03524"
"7260","RIBC1","PIERAPG00000011103","DPOGS205989","Msex2.10570"
"7262","GST2_7","PIERAPG00000011105","DPOGS201022","Msex2.03353,Msex2.03354"
"7267","Sam-S","PIERAPG00000011112","DPOGS204514","Msex2.05720"
"7268","PLEKHF2","PIERAPG00000011113","DPOGS211776","Msex2.05866"
"7269","Psma6","PIERAPG00000011114","DPOGS212365","Msex2.11721"
"7281","Gs1","PIERAPG00000011131","DPOGS209638","Msex2.05053,Msex2.05052"
"7285","TRYP1_3","PIERAPG00000011139","DPOGS201125","Msex2.04716"
"7291","Pde10a","PIERAPG00000011149","DPOGS200638","Msex2.04066"
"7302","TBB1_5","PIERAPG00000011172","DPOGS200512",NA
"7303","osp","PIERAPG00000011173","DPOGS214092","Msex2.02032"
"7311","FKBP46","PIERAPG00000011182","DPOGS208016","Msex2.04624"
"7312","RpS7_2","PIERAPG00000011183","DPOGS202713","Msex2.12272"
"7313","POLDIP2","PIERAPG00000011184","DPOGS212695","Msex2.12798"
"7316","GOLGA4","PIERAPG00000011191","DPOGS208080","Msex2.11127"
"7317","VHA16","PIERAPG00000011194","DPOGS202679","Msex2.03973"
"7322","TBB1_6","PIERAPG00000011201","DPOGS202403,DPOGS213385,DPOGS213386,DPOGS215440","Msex2.01815,Msex2.01816,Msex2.06073"
"7324","Obp71","PIERAPG00000011203","DPOGS208339","Msex2.14143"
"7332","VAC8","PIERAPG00000011214","DPOGS208793","Msex2.04864"
"7336","Sel1l","PIERAPG00000011220","DPOGS204037","Msex2.00853"
"7337","Cat_2","PIERAPG00000011221","DPOGS210053","Msex2.11681"
"7359","SND1","PIERAPG00000011255","DPOGS203403","Msex2.05992"
"7371","Drc1","PIERAPG00000011268","DPOGS207386","Msex2.01643"
"7373","alh-9","PIERAPG00000011270","DPOGS212105","Msex2.04311"
"7374","ams1PIR","PIERAPG00000011271","DPOGS212901","Msex2.02137"
"7381","MIMI_L264_2","PIERAPG00000011282","DPOGS211363","Msex2.00452"
"7385","cora_2","PIERAPG00000011287","DPOGS213375","Msex2.13992"
"7393","Rps11","PIERAPG00000011301","DPOGS206427","Msex2.06271"
"7402","VHA14","PIERAPG00000011311","DPOGS209786","Msex2.05170"
"7409","awd","PIERAPG00000011322","DPOGS213095","Msex2.13014"
"7420","Rab6","PIERAPG00000011337","DPOGS215695","Msex2.03731"
"7429","SERBP1","PIERAPG00000011355","DPOGS209639","Msex2.05051"
"7436","PPIL6","PIERAPG00000011364","DPOGS212299","Msex2.08824"
"7444","Hel25E","PIERAPG00000011376","DPOGS206827","Msex2.01615"
"7455","VSP_2","PIERAPG00000011388","DPOGS215188,DPOGS215189","Msex2.05889"
"7459","CG9603","PIERAPG00000011394","DPOGS208538","Msex2.06721"
"7467","Chc_2","PIERAPG00000011409","DPOGS207010","Msex2.05060"
"7469","RpL15","PIERAPG00000011411","DPOGS208225","Msex2.00823"
"7474","coaDCMT2","PIERAPG00000011418","DPOGS208360","Msex2.13435"
"7477","SCCPDH_2","PIERAPG00000011422","DPOGS202386","Msex2.09229"
"7489","flr","PIERAPG00000011439","DPOGS211713","Msex2.02781"
"7491","tpsp","PIERAPG00000011442","DPOGS212595","Msex2.02955"
"7499","UBA1","PIERAPG00000011458","DPOGS207441","Msex2.08236"
"7509","red1","PIERAPG00000011473","DPOGS213874","Msex2.04242"
"7510","uba2_2","PIERAPG00000011474","DPOGS214809","Msex2.10593"
"7512","UNC5CSPI3","PIERAPG00000011477","DPOGS211421",NA
"7517","RpLP1","PIERAPG00000011484","DPOGS208688","Msex2.04105"
"7523","SEC24C","PIERAPG00000011491","DPOGS200385,DPOGS203768",NA
"7531","Spag6_2","PIERAPG00000011508","DPOGS207276","Msex2.01039"
"7539","CLIP-190CLIP1","PIERAPG00000011522","DPOGS212139","Msex2.06183"
"7540","AMCIERBB4","PIERAPG00000011524","DPOGS207396","Msex2.01630"
"7548","MTNA","PIERAPG00000011536","DPOGS208904","Msex2.09334"
"7553","BJSP-2","PIERAPG00000011545","DPOGS216053,DPOGS216054","Msex2.01694"
"7558","NDUFA6","PIERAPG00000011551","DPOGS201675","Msex2.01887"
"7560","mipp1MINPP1","PIERAPG00000011553","DPOGS206366","Msex2.08679"
"7568","PSMA1","PIERAPG00000011562","DPOGS213746","Msex2.00021"
"7571","VASOT_2","PIERAPG00000011565","DPOGS203119","Msex2.12026"
"7580","igf2bp3","PIERAPG00000011582","DPOGS209677","Msex2.03401"
"7601","PEPD","PIERAPG00000011619","DPOGS206688","Msex2.12850"
"7605","Sqrdl_2","PIERAPG00000011624","DPOGS210821",NA
"7617","TRYP7_4","PIERAPG00000011641","DPOGS215346","Msex2.12043"
"7625","TKB1_2","PIERAPG00000011653","DPOGS210672","Msex2.09336"
"7647","IVD","PIERAPG00000011679","DPOGS206956","Msex2.01546"
"7652","AGAP012199","PIERAPG00000011686",NA,"Msex2.02542"
"7656","TRYB_5","PIERAPG00000011695","DPOGS206805","Msex2.11880"
"7667","Itga11","PIERAPG00000011712","DPOGS211023",NA
"7668","CBR1_4","PIERAPG00000011713",NA,"Msex2.09445,Msex2.09446"
"7671","Usmg5","PIERAPG00000011717","DPOGS213067",NA
"7678","RpL19_2","PIERAPG00000011729","DPOGS201418","Msex2.10311"
"7694","a10_5","PIERAPG00000011753","DPOGS208392","Msex2.07536"
"7707","RpL18","PIERAPG00000011771","DPOGS212928","Msex2.03493"
"7729","Serpinc1_2","PIERAPG00000011809","DPOGS216083","Msex2.06874"
"7739","G100411","PIERAPG00000011826","DPOGS202367","Msex2.05741"
"7752","INT6","PIERAPG00000011843","DPOGS213336","Msex2.08890"
"7754","CG3792","PIERAPG00000011845","DPOGS214099","Msex2.02024"
"7758","GST1_7","PIERAPG00000011855","DPOGS200212,DPOGS200213","Msex2.02753,Msex2.15508"
"7766","l(2)03659_6","PIERAPG00000011863","DPOGS208713","Msex2.08194"
"7767","thrS_6","PIERAPG00000011864","DPOGS215315","Msex2.13381"
"7779","Os12g0515500","PIERAPG00000011883",NA,"Msex2.10578"
"7782","Atg2b","PIERAPG00000011888","DPOGS202241","Msex2.08091"
"7795","ileS_5","PIERAPG00000011923","DPOGS214736","Msex2.01228"
"7799","rplQ_2","PIERAPG00000011931","DPOGS208988","Msex2.00643"
"7811","Uqcrb","PIERAPG00000011954","DPOGS215645","Msex2.05459"
"7812","odf3odf3b","PIERAPG00000011955","DPOGS215991","Msex2.04574"
"7820","Tango13_2","PIERAPG00000011969","DPOGS204752","Msex2.09136"
"7842","Hsp60","PIERAPG00000012002","DPOGS213164","Msex2.12315"
"7846","PF11_0240C16orf96xseAFRMPD2B","PIERAPG00000012007","DPOGS203491","Msex2.07463"
"7854","pyrG_4","PIERAPG00000012019","DPOGS202295","Msex2.05269"
"7863","RpL9","PIERAPG00000012034","DPOGS214073","Msex2.02675"
"7864","CG9132","PIERAPG00000012035","DPOGS205101","Msex2.05516"
"7867","DYI2","PIERAPG00000012040","DPOGS214667","Msex2.05235"
"7899","mlec-a","PIERAPG00000012091","DPOGS203037","Msex2.01274"
"7905","RpL13A","PIERAPG00000012101","DPOGS216064","Msex2.01675"
"7932","cat2","PIERAPG00000012141","DPOGS200795","Msex2.12446"
"7948","RCC1","PIERAPG00000012162","DPOGS207922","Msex2.13618"
"7966","1","PIERAPG00000012191","DPOGS205933","Msex2.11323"
"7976","DPGN_4","PIERAPG00000012207","DPOGS200980","Msex2.05550"
"7988","IPK2","PIERAPG00000012228","DPOGS202122",NA
"7993","Erp44","PIERAPG00000012234","DPOGS213021","Msex2.05500"
"7994","LSM8","PIERAPG00000012235","DPOGS211596","Msex2.05834"
"7995","CG30010","PIERAPG00000012236","DPOGS206554","Msex2.07138"
"8008","TXNDC17","PIERAPG00000012259","DPOGS209647","Msex2.05038"
"8016","SARS","PIERAPG00000012268","DPOGS214363","Msex2.07620"
"8021","TIC214ken1","PIERAPG00000012274","DPOGS207856","Msex2.02310"
"8029","RSPH10B","PIERAPG00000012290","DPOGS211101","Msex2.10354"
"8041","Macrod2","PIERAPG00000012304","DPOGS205536","Msex2.09598"
"8043","mvhA","PIERAPG00000012308","DPOGS206873",NA
"8047","EF1B2","PIERAPG00000012314","DPOGS209710","Msex2.06049"
"8057","porin_2","PIERAPG00000012330","DPOGS209741","Msex2.06044"
"8067","ARGIARG2","PIERAPG00000012349","DPOGS204410","Msex2.06835"
"8068","SDR39U1","PIERAPG00000012350","DPOGS211657","Msex2.10329"
"8070","Ube2v2","PIERAPG00000012352","DPOGS213609","Msex2.02405"
"8079","creld2_2","PIERAPG00000012365","DPOGS208788","Msex2.10918"
"8100","ilvC_2","PIERAPG00000012391","DPOGS212055","Msex2.13957"
"8113","SUCLG2","PIERAPG00000012410","DPOGS204481","Msex2.03335"
"8115","RpL36_2","PIERAPG00000012413","DPOGS209700","Msex2.02868"
"8123","G108163","PIERAPG00000012424","DPOGS204978","Msex2.08277"
"8126","IDH2","PIERAPG00000012428","DPOGS204316","Msex2.11931"
"8133","ABCB10","PIERAPG00000012437","DPOGS206691","Msex2.12844"
"8142","G107689","PIERAPG00000012459","DPOGS204122","Msex2.00776"
"8146","Ndufb9","PIERAPG00000012466","DPOGS203469",NA
"8154","G102271","PIERAPG00000012475",NA,"Msex2.11471"
"8172","LAMP1_2","PIERAPG00000012501",NA,"Msex2.06906"
"8181","Lgals4","PIERAPG00000012513","DPOGS207912","Msex2.12681"
"8187","G104526","PIERAPG00000012520","DPOGS213765","Msex2.00052"
"8198","EFCAB10","PIERAPG00000012536","DPOGS203703",NA
"8206","tufMPH1","PIERAPG00000012553","DPOGS209660","Msex2.09923"
"8207","Ndufa11","PIERAPG00000012554","DPOGS202294",NA
"8210","CHYM1_8","PIERAPG00000012558","DPOGS203644","Msex2.13476"
"8211","snr-4","PIERAPG00000012559","DPOGS206276","Msex2.05810"
"8225","SEC24_2","PIERAPG00000012583","DPOGS214623","Msex2.12353"
"8233","Fkbp2","PIERAPG00000012594","DPOGS212051","Msex2.12294"
"8234","RpL32","PIERAPG00000012595","DPOGS215357","Msex2.10449"
"8240","U2af38","PIERAPG00000012607","DPOGS208546","Msex2.06706"
"8246","mtapAGAP005129","PIERAPG00000012614","DPOGS202372","Msex2.13556"
"8271","Eprs","PIERAPG00000012655","DPOGS204192","Msex2.12325"
"8272","Arcn1","PIERAPG00000012657","DPOGS205869","Msex2.11213"
"8276","aralar1","PIERAPG00000012661","DPOGS206486","Msex2.02897"
"8289","Manf","PIERAPG00000012683",NA,"Msex2.07822"
"8298","Taldo1","PIERAPG00000012694","DPOGS215969","Msex2.05146,Msex2.09485"
"8300","GstS1","PIERAPG00000012696","DPOGS210686,DPOGS210687",NA
"8308","CG2145_3","PIERAPG00000012707",NA,"Msex2.10048"
"8314","LRRC74B","PIERAPG00000012717",NA,"Msex2.05017,Msex2.06300"
"8317","CG5706","PIERAPG00000012720","DPOGS208233","Msex2.00811"
"8318","Mdh1_3","PIERAPG00000012721","DPOGS200490","Msex2.02963"
"8345","RpLP2","PIERAPG00000012764","DPOGS212757","Msex2.04362"
"8354","fau","PIERAPG00000012774","DPOGS214719",NA
"8357","mtacp1","PIERAPG00000012777","DPOGS200858","Msex2.07792"
"8361","C2orf81","PIERAPG00000012781",NA,"Msex2.14380"
"8369","AGAP006459","PIERAPG00000012794","DPOGS211499","Msex2.10798"
"8371","SJCHGC01960_2","PIERAPG00000012796","DPOGS207302","Msex2.06148"
"8372","E2f7","PIERAPG00000012797","DPOGS210376","Msex2.10291"
"8377","VHA26","PIERAPG00000012804","DPOGS204676","Msex2.09308"
"8380","Cfap69","PIERAPG00000012808","DPOGS203034","Msex2.07351"
"8384","Ube2l3","PIERAPG00000012813","DPOGS206895","Msex2.03630"
"8395","Nme7_3","PIERAPG00000012828","DPOGS215614","Msex2.06991"
"8396","DNAH8_3","PIERAPG00000012829","DPOGS203998","Msex2.13299"
"8398","ade5","PIERAPG00000012833","DPOGS208829","Msex2.10914"
"8401","doa10","PIERAPG00000012837","DPOGS202898","Msex2.10721"
"8408","ade2Pfas","PIERAPG00000012846","DPOGS207951","Msex2.03130"
"8416","CALM_4","PIERAPG00000012855",NA,"Msex2.00394"
"8419","RpS23","PIERAPG00000012865","DPOGS208785","Msex2.11995"
"8425","ildr1","PIERAPG00000012875",NA,"Msex2.01378"
"8434","TEKT3","PIERAPG00000012894","DPOGS212342","Msex2.12338"
"8446","P2ry13","PIERAPG00000012907","DPOGS207236",NA
"8455","hibch","PIERAPG00000012921","DPOGS210242","Msex2.09278"
"8465","HMGCS-1","PIERAPG00000012938","DPOGS214377","Msex2.09969"
"8471","Mal-A2","PIERAPG00000012946","DPOGS214723","Msex2.01215"
"8475","ABLIM1","PIERAPG00000012954","DPOGS208217","Msex2.02107"
"8476","G106700","PIERAPG00000012955","DPOGS214049","Msex2.02674"
"8488","Ces4a_5","PIERAPG00000012970","DPOGS215930","Msex2.06296"
"8490","NAPG","PIERAPG00000012972","DPOGS203375","Msex2.08245"
"8497","ORFC2atpD","PIERAPG00000012984","DPOGS213378","Msex2.09559"
"8513","fam136a","PIERAPG00000013002","DPOGS206737","Msex2.02167"
"8527","rab3gap1","PIERAPG00000013021","DPOGS201283","Msex2.05401"
"8529","Gldc","PIERAPG00000013023","DPOGS207953","Msex2.03128"
"8531","Gdh_2","PIERAPG00000013025","DPOGS208377","Msex2.09227"
"8533","VSPPAKLKRKLK7","PIERAPG00000013028","DPOGS207168","Msex2.09948"
"8537","Nurf-38","PIERAPG00000013034","DPOGS211475","Msex2.11940"
"8553","KCP1","PIERAPG00000013057","DPOGS210924","Msex2.00281"
"8554","SPA17","PIERAPG00000013060","DPOGS215381","Msex2.07296"
"8561","Lrrc47okr","PIERAPG00000013068","DPOGS206841","Msex2.01586"
"8573","LYS_4","PIERAPG00000013087","DPOGS202823","Msex2.04822"
"8577","F56F10.1_2","PIERAPG00000013093","DPOGS200898","Msex2.11530"
"8581","Tret1_52","PIERAPG00000013102","DPOGS206262","Msex2.08050"
"8586","SPI3Serpinb7","PIERAPG00000013114","DPOGS215953","Msex2.06154,Msex2.06167"
"8594","gss","PIERAPG00000013128","DPOGS215524","Msex2.12876"
"8602","EST6_6","PIERAPG00000013139","DPOGS209128","Msex2.11565"
"8604","RpS24_2","PIERAPG00000013142","DPOGS210833","Msex2.09689"
"8614","F26E4.3TINAGL1","PIERAPG00000013157","DPOGS209867","Msex2.12776"
"8619","Gclm","PIERAPG00000013163","DPOGS213483","Msex2.11299"
"8624","Klc_2","PIERAPG00000013171","DPOGS210015","Msex2.07163"
"8632","LYPLA1","PIERAPG00000013181","DPOGS211649","Msex2.10342"
"8646","fabG_4","PIERAPG00000013208","DPOGS208864","Msex2.00641,Msex2.00640"
"8648","Gpcpd1","PIERAPG00000013212","DPOGS214218","Msex2.03175"
"8653","CVP4LCM","PIERAPG00000013221","DPOGS215528",NA
"8661","G102695","PIERAPG00000013237","DPOGS215022","Msex2.12070"
"8672","Eip71CD_2","PIERAPG00000013250","DPOGS213552","Msex2.02350"
"8673","cdv3","PIERAPG00000013251","DPOGS209098","Msex2.03849"
"8682","PARK7","PIERAPG00000013264","DPOGS214399","Msex2.07751"
"8691","Gpr158_3","PIERAPG00000013278","DPOGS214390",NA
"8701","UQCRFS1_3","PIERAPG00000013293","DPOGS210917","Msex2.00292"
"8713","yars","PIERAPG00000013311","DPOGS203115","Msex2.00738"
"8733","PebIII_24","PIERAPG00000013340","DPOGS208414,DPOGS208415","Msex2.07526"
"8738","NDUFV2_2","PIERAPG00000013347","DPOGS203718","Msex2.13302"
"8745","AGL_2","PIERAPG00000013354","DPOGS205833",NA
"8746","PDE2A","PIERAPG00000013355","DPOGS202822","Msex2.04815"
"8749","CCDC108","PIERAPG00000013359","DPOGS212130","Msex2.06194"
"8755","RAB7A","PIERAPG00000013365","DPOGS204401","Msex2.03339"
"8758","RpL7A","PIERAPG00000013372","DPOGS208800","Msex2.04872"
"8765","G110104","PIERAPG00000013381","DPOGS211204","Msex2.06577"
"8774","mod(mdg4)_2","PIERAPG00000013391","DPOGS208236","Msex2.00807"
"8786","APL3_2","PIERAPG00000013412","DPOGS207141","Msex2.13800"
"8788","PRP1","PIERAPG00000013415","DPOGS206820","Msex2.09885"
"8794","G105478","PIERAPG00000013423","DPOGS204282","Msex2.07043"
"8795","CPAMD8_3","PIERAPG00000013424","DPOGS201446","Msex2.03937"
"8802","G110957","PIERAPG00000013433","DPOGS207527","Msex2.05221"
"8807","PITPNA","PIERAPG00000013442","DPOGS206953","Msex2.01539"
"8820","si:ch211-163l21.7","PIERAPG00000013467","DPOGS200293",NA
"8828","morn5","PIERAPG00000013480","DPOGS202591","Msex2.14142"
"8831","GA20639","PIERAPG00000013483","DPOGS203247",NA
"8833","aldh4a1","PIERAPG00000013485","DPOGS215291","Msex2.11666"
"8837","Gel_6","PIERAPG00000013492","DPOGS215141","Msex2.11831"
"8841","Gorasp2","PIERAPG00000013496","DPOGS206099","Msex2.09184"
"8845","PRP2","PIERAPG00000013502","DPOGS201819","Msex2.11367"
"8858","PRUNE","PIERAPG00000013519","DPOGS208091","Msex2.13461"
"8863","G112350","PIERAPG00000013524","DPOGS207380","Msex2.01651"
"8870","Ccdc65_2","PIERAPG00000013534","DPOGS209756",NA
"8891","l(2)efl_8","PIERAPG00000013566","DPOGS216183,DPOGS216184","Msex2.01819,Msex2.01804"
"8898","CCBL2_2","PIERAPG00000013573","DPOGS208814","Msex2.04889"
"8910","CCDC13","PIERAPG00000013590","DPOGS212509","Msex2.10183"
"8922","AGL2","PIERAPG00000013607","DPOGS202361","Msex2.10988"
"8936","ams1","PIERAPG00000013628","DPOGS206039","Msex2.04785"
"8945","kra","PIERAPG00000013642","DPOGS215203",NA
"8946","C9orf116","PIERAPG00000013646","DPOGS207954","Msex2.03126"
"8955","ATPsyn-d_2","PIERAPG00000013660","DPOGS202286","Msex2.05273"
"8960","RBM6","PIERAPG00000013665","DPOGS203648",NA
"8962","CCDC96","PIERAPG00000013668","DPOGS203605","Msex2.01155"
"8963","Lrrc23","PIERAPG00000013669","DPOGS200137",NA
"8968","XCC2288","PIERAPG00000013674","DPOGS211354","Msex2.00451"
"8977","Aldh5a1","PIERAPG00000013689","DPOGS209167",NA
"8999","slc36a4_7","PIERAPG00000013731","DPOGS206040","Msex2.04786"
"9005","PDIA3","PIERAPG00000013743","DPOGS215686","Msex2.03744"
"9033","Supv3l1","PIERAPG00000013787","DPOGS208269","Msex2.00806"
"9039","G101233","PIERAPG00000013799","DPOGS200071","Msex2.03670"
"9041","Lcp1","PIERAPG00000013801","DPOGS208166","Msex2.01823"
"9056","plsX_3","PIERAPG00000013823","DPOGS203903","Msex2.02067"
"9058","epsilonTry_3","PIERAPG00000013825",NA,"Msex2.04936"
"9065","GART_2","PIERAPG00000013834","DPOGS206359","Msex2.08671"
"9068","HSPB1","PIERAPG00000013840","DPOGS207471",NA
"9073","GRHPR_2","PIERAPG00000013845","DPOGS200976","Msex2.05543"
"9079","Cul3cul3b","PIERAPG00000013851","DPOGS215829","Msex2.08471"
"9088","hagh_2","PIERAPG00000013865","DPOGS210790","Msex2.11589"
"9092","NDUFS8_2","PIERAPG00000013872","DPOGS210834","Msex2.09688"
"9097","Spag17","PIERAPG00000013877","DPOGS206139","Msex2.09092"
"9105","TRYP1_4","PIERAPG00000013887","DPOGS213431","Msex2.05941"
"9116","GalNAc-T1galnt11","PIERAPG00000013901","DPOGS211665","Msex2.05962"
"9117","copb1_2","PIERAPG00000013902","DPOGS204779","Msex2.03993"
"9121","SDHC_2","PIERAPG00000013912","DPOGS208370","Msex2.01421"
"9124","EIF3H","PIERAPG00000013917","DPOGS207638","Msex2.02048"
"9127","MAPRE1","PIERAPG00000013923","DPOGS208326","Msex2.08883"
"9130","U2af50","PIERAPG00000013927","DPOGS205919","Msex2.05309"
"9135","ACT_3","PIERAPG00000013934","DPOGS207542,DPOGS200327,DPOGS200328","Msex2.07366,Msex2.08645"
"9143","Selenbp1selenbp1-a","PIERAPG00000013945","DPOGS207287","Msex2.01025"
"9149","Alp-m_4","PIERAPG00000013957","DPOGS215263,DPOGS215259","Msex2.06931,Msex2.06932"
"9154","gabT","PIERAPG00000013964","DPOGS210800","Msex2.04660"
"9158","Rbm34","PIERAPG00000013968","DPOGS215326","Msex2.08710"
"9178","THSD7A","PIERAPG00000013997","DPOGS200340","Msex2.05351"
"9179","D2hgdh","PIERAPG00000013998","DPOGS202444","Msex2.13540"
"9180","eff","PIERAPG00000013999","DPOGS200498","Msex2.02974"
"9202","enol-1ptf1a","PIERAPG00000014035","DPOGS212563","Msex2.06012"
"9211","nas-15","PIERAPG00000014044","DPOGS206930","Msex2.05067"
"9221","MYX3","PIERAPG00000014059","DPOGS214905","Msex2.01469"
"9250","sumo3","PIERAPG00000014104","DPOGS212269","Msex2.03266"
"9252","Pdi","PIERAPG00000014107","DPOGS213564","Msex2.02333"
"9258","SLC6A2_2","PIERAPG00000014115","DPOGS212172","Msex2.05016"
"9264","G114436","PIERAPG00000014121","DPOGS210732","Msex2.02463"
"9268","Dmn_2","PIERAPG00000014127","DPOGS200821","Msex2.06677"
"9276","Mal-B2_4","PIERAPG00000014143","DPOGS201306","Msex2.12171"
"9295","GMPS_2","PIERAPG00000014179","DPOGS209487","Msex2.03467"
"9296","dlst_3","PIERAPG00000014181","DPOGS211519","Msex2.10779"
"9299","METAP1","PIERAPG00000014186","DPOGS206487","Msex2.02900"
"9307","cuta","PIERAPG00000014198","DPOGS200119,DPOGS200120","Msex2.02910"
"9310","PSAP","PIERAPG00000014201","DPOGS200483","Msex2.02971"
"9311","BLVRB_2","PIERAPG00000014202","DPOGS212873","Msex2.00873"
"9312","EIF1AX","PIERAPG00000014206","DPOGS206057","Msex2.01256"
"9317","CCT8_2","PIERAPG00000014212","DPOGS203217","Msex2.11925"
"9320","GST1_8","PIERAPG00000014216","DPOGS208312","Msex2.11863"
"9339","AMPD2","PIERAPG00000014246","DPOGS212862","Msex2.00889"
"9347","RpL10","PIERAPG00000014256","DPOGS212411","Msex2.04514"
"9352","NPC2_5","PIERAPG00000014263","DPOGS202315","Msex2.05298"
"9366","VKT2argF","PIERAPG00000014286","DPOGS206279","Msex2.05818"
"9368","PPP2R1A","PIERAPG00000014289","DPOGS200794","Msex2.12443"
"9382","TSPAN7_2","PIERAPG00000014305","DPOGS212450,DPOGS212451","Msex2.11091"
"9387","l(2)k12914","PIERAPG00000014311","DPOGS209890","Msex2.10696"
"9397","Mecr","PIERAPG00000014330","DPOGS216075",NA
"9401","Cndp2","PIERAPG00000014334","DPOGS204431","Msex2.06873"
"9415","Etfb","PIERAPG00000014361","DPOGS214943","Msex2.09465"
"9439","MDH2","PIERAPG00000014401","DPOGS209764",NA
"9452","ARYA","PIERAPG00000014418","DPOGS216049","Msex2.01690,Msex2.15504"
"9458","GSPT1","PIERAPG00000014429","DPOGS204333","Msex2.12369"
"9459","A1AT","PIERAPG00000014430","DPOGS204415","Msex2.06848"
"9461","IFI30_5","PIERAPG00000014437","DPOGS214447","Msex2.11517"
"9479","Pgm_2","PIERAPG00000014464","DPOGS209508",NA
"9486","CG4692","PIERAPG00000014481","DPOGS200355","Msex2.07821"
"9498","ATPsyn-Cf6","PIERAPG00000014500","DPOGS212860","Msex2.00888"
"9504","HI_0653","PIERAPG00000014508","DPOGS208819","Msex2.04871"
"9514","VA0D","PIERAPG00000014524","DPOGS211216","Msex2.10072"
"9518","TMED2","PIERAPG00000014528","DPOGS207040","Msex2.03623"
"9520","beta'Cop","PIERAPG00000014530","DPOGS203367","Msex2.01340"
"9521","Rsf1","PIERAPG00000014531","DPOGS212586","Msex2.02925"
"9523","Bx42","PIERAPG00000014535","DPOGS201642","Msex2.01785"
"9525","CU01_3","PIERAPG00000014542","DPOGS200004","Msex2.03833"
"9528","Tktl2","PIERAPG00000014546","DPOGS209035","Msex2.03246"
"9532","Gld_25","PIERAPG00000014552","DPOGS215066","Msex2.03547"
"9550","Coprox","PIERAPG00000014575","DPOGS209982","Msex2.12050"
"9554","TRABD","PIERAPG00000014581","DPOGS215918","Msex2.03070"
"9563","DNAJB13","PIERAPG00000014591","DPOGS212742",NA
"9571","Ndufb9_2","PIERAPG00000014609","DPOGS213462","Msex2.13962"
"9582","DYDC2","PIERAPG00000014623","DPOGS214710","Msex2.01242"
"9593","Ndufa7","PIERAPG00000014638","DPOGS206881","Msex2.12947"
"9595","CG12163","PIERAPG00000014642","DPOGS214724",NA
"9610","snk_12","PIERAPG00000014673","DPOGS200031","Msex2.11657"
"9621","akr2e_14","PIERAPG00000014687","DPOGS212711","Msex2.14123"
"9624","YWHAE","PIERAPG00000014695",NA,"Msex2.04343"
"9625","CG9705","PIERAPG00000014697",NA,"Msex2.02284"
"9632","Orct2_8","PIERAPG00000014705","DPOGS203207,DPOGS203206","Msex2.06743"
"9646","RpS4","PIERAPG00000014721","DPOGS205845","Msex2.14042"
"9651","ARYA_2","PIERAPG00000014728","DPOGS216055","Msex2.01693"
"9653","WNK2","PIERAPG00000014730","DPOGS206028","Msex2.09011"
"9659","G112200","PIERAPG00000014739","DPOGS208656","Msex2.09783"
"9666","CanB2","PIERAPG00000014751","DPOGS203567","Msex2.07471"
"9669","tbb-4_2","PIERAPG00000014754","DPOGS202417","Msex2.01461"
"9672","unc-89_5","PIERAPG00000014760","DPOGS202232","Msex2.03031"
"9679","gammaCopYY1","PIERAPG00000014769","DPOGS203907,DPOGS200469","Msex2.01912,Msex2.01374"
"9691","ND42","PIERAPG00000014795","DPOGS215520","Msex2.11051"
"9692","Mhc","PIERAPG00000014796","DPOGS206365","Msex2.08678"
"9700","C1qbp","PIERAPG00000014809","DPOGS200854","Msex2.07784"
"9736","an3_2","PIERAPG00000014854",NA,"Msex2.15442"
"9752","RPL21","PIERAPG00000014874","DPOGS211910","Msex2.12868,Msex2.14302"
"9766","NPEPL1","PIERAPG00000014899","DPOGS213400","Msex2.08897"
"9783","TMX1","PIERAPG00000014924","DPOGS201650","Msex2.01789"
"9798","NT5C2","PIERAPG00000014942","DPOGS209162","Msex2.05623"
"9802","Fbxo39","PIERAPG00000014947","DPOGS209667","Msex2.04795"
"9811","TCPD","PIERAPG00000014959","DPOGS213674","Msex2.14134"
"9815","VA3far11","PIERAPG00000014967","DPOGS208888","Msex2.10525"
"9818","slr1251","PIERAPG00000014970","DPOGS200723","Msex2.10624"
"9827","NDUFS3_2","PIERAPG00000014986","DPOGS209900","Msex2.12986"
"9828","TFPI_2","PIERAPG00000014987","DPOGS207193","Msex2.03421"
"9865","RpL10A","PIERAPG00000015040","DPOGS208750","Msex2.04108"
